Lp.,Numer Punktu,Województwo,Gmina,Powiat,Szerokość geograficzna,Długość geograficzna,Współrzędna WGS X,Współrzędna WGS Y,"piasek (1-0,1 mm) (%)","pył (0,1-0,02 mm) (%)","części spławialne (< 0,02 mm) (%)","ił koloidalny (< 0,002 mm) (%)","piasek (2-0,05 mm) (%)","pył (0,05-0,002 mm) (%)","części spławialne (< 0,002 mm) (%)",Hh (cmol/kg),Mg (cmol/kg),Na (cmol/kg),T (cmol/kg),Ca (cmol/kg),K (cmol/kg),S (cmol/kg),V (cmol/kg),próchnica (%),CaCO3 (%),pH H2O,pH KCl,Hw (cmol/kg),Alw (cmol/kg),P2O5 (mg 100g),K2O (mg 100g),Mg (mg 100g),S-SO4 (mg 100g),Corg (%),C:N,radioaktywność (Bq/kg),przewodność (mS/m),zasolenie (mg KCl/100g),naftalen (µg/kg),fenantren (µg/kg),antracen (µg/kg),fluoranten (µg/kg),chryzen (µg/kg),benzo(a)antracen (µg/kg),benzo(a)piren (µg/kg),benzo(a)fluoranten (µg/kg),benzo(ghi)perylen (µg/kg),fluoren (µg/kg),piren (µg/kg),benzo(b)fluoranten (µg/kg),benzo(k)fluoranten (µg/kg),"dibenzo(a,h)antracen (µg/kg)","indeno(1,2,3-cd)piren (µg/kg)","benzo(g,h,i)perylen (µg/kg)",suma WWA-9 (µg/kg),suma WWA-13 (µg/kg),S (%),Nogol (%),Ca (%),Mg (%),K (%),Na (%),Al (%),Fe (%),P (%),Mn (mg/kg),Cd (mg/kg),Cu (mg/kg),Cr (mg/kg),Ni (mg/kg),Pb (mg/kg),Zn (mg/kg),Co (mg/kg),V (mg/kg),Li (mg/kg),Be (mg/kg),Ba (mg/kg),Sr (mg/kg),La (mg/kg),As (mg/kg),Hg (mg/kg)
1,1,zachodniopomorskie,Siemyśl,Powiat kołobrzeski,"54° 4' 10""","15° 26' 58""",54.069444,15.449444,67,20,13,2,81,17,2,1.8,1.1, ,11.2,3.8,0.47,5.37,47.95,1.5,0.04,6.8,6.5,0.07,0.01,39.6,16.4,13.5,2.1,0.87,10.88,331,12.1,32, , , ,34, , , , , , ,28, , , ,34, ,34,88,0.012,0.08,0.02,0.05,0.05,0.002,0.29,0.29,0.028,264, ,3.64,5.77,2.81,8.35,21,1.45,8.69, , ,14.8, ,5.33,1.72, 
2,3,zachodniopomorskie,Karlino,Powiat białogardzki,"54° 2' 59""","15° 54' 0""",54.049722,15.9,61,30,9,4,75,21,4,3.5,0.48, ,13.5,2.5,0.35,3.33,24.67,3.26,0.04,6.7,5.9,0.14,0.03,17.2,9.8,5.5,3.9,1.89,13.5,283, , , ,84, ,206,114,96,116,113,111, ,164, ,97,37,153, ,840,1178,0.018,0.14,0.02,0.02,0.03,0.002,0.15,0.18,0.007,252, ,16.7,6.49,2.95,33.3,29.7,1.6,9.01, , ,22.9, ,6.32,2.35, 
3,5,zachodniopomorskie,M. Koszalin,Powiat m. Koszalin,"54° 12' 21""","16° 8' 44""",54.205833,16.145556,45,31,24,10,56,34,10,2.6,1.02, ,10.4,4.6,0.37,5.99,57.6,3.45,0.22,6.7,5.7,0.1, ,8.8,12.7,9.8,3,2,18.18,736, , , ,43, ,73,33,44,43, ,33, ,53, , , ,41, ,269,363,0.011,0.11,0.2,0.21,0.18,0.005,1.14,1.35,0.057,399, ,8.62,19.3,12.1,17.6,41.9,6.38,24.6,11.4, ,42.3, ,15.6,5.17, 
4,7,zachodniopomorskie,Postomino,Powiat sławieński,"54° 27' 57""","16° 44' 1""",54.465833,16.733611,38,35,27,8,48,44,8,2.7,0.43, ,9.9,6.6,0.28,7.31,73.84,4.99,0.02,6.1,5.2,0.12,0.01,17.8,37.2,4.9,1.9,2.89,24.08,569,10.6,28, , , ,53,36,25,37, ,28, ,47,38,33, ,35, ,179,332,0.015,0.12,0.25,0.14,0.17,0.004,0.49,0.6,0.077,245, ,5.1,14.3,6.68,10.7,31.2,3.55,20.6, , ,27.1, ,9.9,3.64, 
5,9,pomorskie,Trzebielino,Powiat bytowski,"54° 15' 38""","17° 6' 3""",54.260556,17.100833,65,24,11,3,79,18,3,2.1,0.25, ,8.8,5.6,0.1,5.95,67.61,4.82,0.03,6.8,6,0.05, ,20.9,5.3,1.9,2.7,2.8,21.54,334,6.4,17, ,35, ,121,67,65,94,85,59, ,98, ,78, ,70, ,526,687,0.013,0.13,0.09,0.06,0.04,0.002,0.45,0.43,0.034,99.4, ,2.55,5.8,3.02,10.7,22.1,1.46,10, , ,10.5, ,6.18,2.46, 
6,13,pomorskie,Puck,Powiat pucki,"54° 45' 22""","18° 16' 44""",54.756111,18.278889,51,34,15,4,63,33,4,1.7,0.87, ,17.5,9.3,0.72,10.89,62.23,3.89,0.04,6.8,6.5,0.09,0.03,18.1,29.3,7.7,1.4,2.25,16.67,594,13.3,35, ,31, ,144,91,70,98, ,71, ,122,99,86, ,94, ,505,906,0.021,0.135,0.19,0.26,0.16,0.01,1.16,1.56,0.021,503, ,5.03,12.4,6.15,11.2,32.3,3.73,16, , ,29.2, ,8.98,3.45, 
7,15,pomorskie,Stężyca,Powiat kartuski,"54° 16' 8""","17° 59' 12""",54.268889,17.986667,65,20,15,4,79,17,4,5.4,0.32, ,8.8,2.1,0.15,2.57,29.2,0.98, ,4.6,4.3,1.86,0.09,10.8,5.9,2.9,2.6,0.57,3.2,488,16.3,43, , , , , , , , , , , , , , , , , , ,0.014,0.178,0.15,0.1,0.07,0.004,0.5,0.54,0.029,281, ,3.59,8.55,4.85,8.86,25.7,2.59,10.5, , ,26.2, ,7.63,3.15, 
8,17,pomorskie,Szemud,Powiat wejherowski,"54° 27' 54""","18° 20' 48""",54.465,18.346667,45,40,15,4,57,39,4,1.1,0.53, ,15.3,9.5,0.41,10.44,68.24,4.58,0.04,7.5,7.3,0.09,0.02,23.5,17.3,5.2,3.3,2.66,24.4,485,11.7,31, , , ,60,35,27,37, ,31, ,54,37,30, ,36, ,190,347,0.02,0.109,3.5,0.17,0.14,0.008,0.71,0.77,0.028,312, ,4.49,9.08,3.39,10.7,34.3,2.15,11.3, , ,29.1, ,8.26,3.27, 
9,21,pomorskie,Cedry Wielkie,Powiat gdański,"54° 13' 38""","18° 52' 9""",54.227222,18.869167,44,35,21,4,55,41,4,1.2,1.57, ,25.4,16.1,0.33,18,70.87,4.84,0.07,7.3,7.1,0.09,0.01,42.6,13.6,13.3,2.8,2.81,15.61,588,11.7,31, , , , , , , , , , , , , , , , , , ,0.026,0.18,0.24,0.22,0.12,0.011,1.22,1.53,0.056,631, ,18,19.4,18,10.7,55.5,5.85,19.8, , ,85,24.2,12.39,4.63,0.162
10,23,pomorskie,Lichnowy,Powiat malborski,"54° 6' 13""","18° 50' 9""",54.103611,18.835833,61,24,15,4,75,21,4,2.9,0.93, ,11.3,6.7,0.37,8,70.8,3.21,0.03,6.2,5.9,0.09,0.02,6.2,5.9,9.2,2.2,1.86,12.4,500,15.5,41, , , , , , , , , , , , , , , , , , ,0.015,0.15,0.09,0.07,0.05,0.009,0.32,0.61,0.042,513, ,4.88,8.77,4.88,15.8,67.9,10.2,16.2, , ,111,17.2,18.7,2.07, 
11,25,pomorskie,Nowy Dwór Gdański,Powiat nowodworski,"54° 11' 39""","19° 12' 50""",54.194167,19.213889,40,37,23,3,50,47,3,3.8,0.13, ,3.8,0.8,0.28,1.25,32.89,2.81, ,5,4.1,1,0.02,10.6,12.7,1.4,4.78,1.63,32.6,687,7.6,20, , , , , , , , , , , , , , , , , , ,0.014,0.05,0.69,0.46,0.08,0.008,0.34,0.36,0.062,241, ,4.01,4.79,3.32,10.5,20.7,1.68,6.29, , ,21, ,10.3,1.88, 
12,27,warmińsko - mazurskie,Milejewo,Powiat elbląski,"54° 13' 30""","19° 32' 32""",54.225,19.542222,51,24,25,5,63,32,5,2.1,0.65, ,7.9,4.6,0.35,5.6,70.89,3.67,0.03,6.6,6.1,0.09, ,5.3,13,6.3,4.5,2.13,11.21,643,17.4,46, ,32, ,153,84,66,88, ,86, ,127,93,80, ,126, ,509,935,0.02,0.19,0.33,0.25,0.19,0.006,1.35,1.87,0.092,293, ,5.73,22.4,10.8,23.6,46.2,5.41,27.7,14.6, ,52.2,10.6,15.16,4.54, 
13,29,warmińsko - mazurskie,Płoskinia,Powiat braniewski,"54° 16' 24""","19° 48' 38""",54.273333,19.810556,50,29,21,6,63,31,6,3.6,0.51, ,6.3,3.5,0.31,4.32,68.57,1.76,0.02,5.7,4.9,0.14,0.02,5.7,9.7,4.5,3.5,1.02,11.33,381,14,37, , , ,47,31, ,44,49, , ,23, ,30, ,37, ,171,212,0.012,0.09,0.28,0.09,0.11,0.005,1.07,1.32,0.011,432, ,9.57,12.2,27.6,23.6,36.5,5.16,30.2, , ,56.6, ,4.55,6.02, 
14,31,warmińsko - mazurskie,Górowo Iławeckie,Powiat bartoszycki,"54° 20' 15""","20° 23' 21""",54.3375,20.389167,48,29,23,8,59,33,8,1.2,0.3, ,11,7.9,0.27,8.47,77,3.44,0.02,6.8,6.2,0.09,0.02,12.4,10,2.7,2.7,2,6.41,514,11,29, , , ,30, , , , , , , , , , , , ,30,30,0.012,0.312,0.12,0.16,0.18,0.004,0.7,0.87,0.025,381, ,5.4,15.3,7.29,9.53,27.2,4.31,20.1, , ,34.3, ,10.28,3.64, 
15,33,warmińsko - mazurskie,Korsze,Powiat kętrzyński,"54° 9' 7""","21° 15' 56""",54.151944,21.265556,48,25,27,10,59,31,10,0.9,2.33, ,47.9,34.2,1.1,37.63,78.56,1.34,5,7.8,7.3,0.1, ,17.9,25.3,13.7,1.8,0.78,4.11,873,19.7,52, , , ,67,39,51,56, ,44, ,52,70,34, ,56, ,257,469,0.046,0.19,0.29,0.25,0.19,0.008,1.46,1.63,0.069,363, ,11.2,36.2,22.3,12.6,42.1,8.37,39.7,21.4, ,85.9,37.1,22.12,5.44, 
16,35,warmińsko - mazurskie,Giżycko,Powiat giżycki,"54° 2' 14""","21° 51' 34""",54.037222,21.859444,41,35,24,8,51,41,8,0.9,1.15, ,28.1,13.8,0.24,15.19,54.06,1.71,0.85,7.5,7.1,0.1, ,5.3,5.5,10,2.3,0.99,8.25,592,17,45, , , , , , , , , , , , , , , , , , ,0.021,0.12,0.23,0.26,0.14,0.009,1.48,1.53,0.066,232, ,4.83,16.7,10.9,10.8,29,4.68,20.4,10.4, ,51.9,12.2,16.25,3.79, 
17,37,podlaskie,Sejny,Powiat sejneński,"54° 7' 29""","23° 28' 54""",54.124722,23.481667,45,26,29,8,56,36,8,1.5,1.52, ,14.5,7.4,0.5,9.42,64.97,2.31,0.03,7.2,6.7,0.09, ,18.1,17.8,13,4.4,1.34,9.71,747,14.8,39, , , , , , , , , , , , , , , , , , ,0.019,0.138,0.09,0.04,0.04,0.002,0.33,0.53,0.024,313, ,4.06,13.1,9.81,7.97,26.5,4.46,17.1,10.2, ,34.3,10,16.01,2.9, 
18,39,zachodniopomorskie,Police,Powiat policki,"53° 33' 59""","14° 31' 5""",53.566389,14.518056,53,30,17,5,65,30,5,1.1,0.65, ,8.9,6,0.11,6.76,75.96,2.69,0.1,7.4,6.9, , ,5.8,1.9,6.5,2.8,1.56,9.75,645,4.9,13, , , ,39,27, , ,29, , ,34, , , ,34, ,95,134,0.017,0.16,0.2,0.32,0.13,0.005,1.43,1.92,0.042,216, ,2.69,6.84,4.58,11,21.1,2.02,10.5, , ,43.8,12.7,8.36,2.6, 
19,41,zachodniopomorskie,Gryfino,Powiat gryfiński,"53° 13' 31""","14° 29' 27""",53.225278,14.490833,43,38,19,4,53,43,4,1.2,1.25, ,50.8,28.7,0.2,30.15,59.35,4.53,0.35,7.6,7.4,0.11, ,30.7,5.5,9.5, ,2.63,7.74,399,12.9,34, ,53, ,96,48,40,46,45,34, ,77, ,39, ,40, ,362,473,0.05,0.34,0.15,0.07,0.07,0.004,0.65,0.77,0.066,832, ,51.4,16.7,13.1,31.7,60.4,5.4,21.5, , ,123,75.5,11.28,8.17,0.11
20,43,zachodniopomorskie,Pyrzyce,Powiat pyrzycki,"53° 9' 35""","14° 51' 1""",53.159722,14.850278,60,23,17,6,73,21,6,0.9,1.58, ,45.5,25.3,0.84,27.72,60.92,3.21,0.19,7.9,7.6,0.09,0.01,35.1,17.8,13.8,3.6,1.86,9.3,552,5.3,14, ,30, ,102,45,45,56, ,57, ,86,56,46, ,66, ,335,589,0.038,0.2,0.1,0.08,0.09,0.003,0.7,0.42,0.022,261, ,12.4,14.9,11,14.1,44.6,4.11,16.8, , ,60.1,23.1,12.48,4.31, 
21,45,zachodniopomorskie,Maszewo,Powiat goleniowski,"53° 29' 23""","15° 4' 3""",53.489722,15.0675,42,43,15,2,54,44,2,1.7,0.55, ,14.7,8.3,0.52,9.37,63.74,1.97,0.03,7,6.5,0.12,0.03,23.6,16.4,6.4,4.9,1.14,6.33,443,14,37, , , ,70,28,25,38, ,45, ,58,36,31, ,51, ,206,382,0.027,0.18,0.13,0.15,0.13,0.004,0.83,0.94,0.049,286, ,8.63,8.63,5.04,26.7,34.9,2.11,14.5, , ,46.5,12,9.69,2.91, 
22,47,zachodniopomorskie,Drawsko Pomorskie,Powiat drawski,"53° 31' 10""","15° 46' 44""",53.519444,15.778889,65,22,13,2,79,19,2,4.5,0.15, ,7.9,1.5,0.32,1.97,24.94,4.24,0.02,5.4,4.5,0.75, ,11.6,10,1.5,2,2.46,27.33,391,3.4, , ,67, ,232,142,114,145,153,105, ,196, ,134, ,131, ,958,1266,0.008,0.09,0.04,0.05,0.03,0.002,0.41,0.38,0.034,372, ,5.69,9.02,5.01,20.5,32,2.26,12.7, , ,30.2, ,7.28,2.94, 
23,49,wielkopolskie,Szamocin,Powiat chodzieski,"53° 0' 56""","17° 6' 42""",53.015556,17.111667,54,33,13,4,67,29,4,3.6,0.37, ,6.4,2.2,0.38,2.95,46.09,3.59,0.02,5.6,4.9,0.19, ,21.3,11.2,4.8,2.9,2.08,17.33,401,15.5,41, ,37, ,155,69,59,83, ,95, ,131,95,86, ,116, ,498,926,0.01,0.12,0.24,0.11,0.07,0.02,0.54,0.7,0.036,350, ,4.02,5.17,3.32,9.32,24.3,1.68,6.75, , ,27.3, ,6.89,1.61, 
24,51,kujawsko - pomorskie,Mrocza,Powiat nakielski,"53° 15' 7""","17° 36' 44""",53.251944,17.612222,60,25,15,4,73,23,4,1.5,0.55, ,11.5,6.1,0.73,7.38,64.17,1.53,0.2,6.8,6.9,0.1, ,28.5,21.3,8.5,2.5,0.89,8.9,583,22,58, ,221,52,657,349,415,503, ,316, ,521,474,327, ,455, ,2513,4290,0.016,0.1,0.13,0.07,0.07,0.003,0.37,0.36,0.032,271, ,3.49,7.8,4.67,11.2,34.2,2.16,10.2, , ,36.7, ,7.44,2.07, 
25,53,kujawsko - pomorskie,Tuchola,Powiat tucholski,"53° 42' 42""","17° 56' 44""",53.711667,17.945556,75,17,8,4,91,5,4,3.5,0.15, ,5.7,1.5,0.11,1.76,30.88,5,0.02,5.4,4.7,0.46,0.02,17.3,4.1,2.6,2.6,2.9,36.25,271,3.4, ,32,33, ,88,52,33,43,56,39, ,70, ,49, ,45, ,376,452,0.008,0.08,1.04,0.78,0.18,0.029,1.25,1.94,0.041,32.1, ,2.8,3.57, ,7.09,15.9, ,3.78, , ,9.22, , , , 
26,55,pomorskie,Gniew,Powiat tczewski,"53° 52' 16""","18° 48' 43""",53.871111,18.811944,66,19,15,6,80,14,6,1.1,2.62, ,50.7,44.3,2.23,49.15,96.94,2.65,0.47,7.9,7.1,0.12, ,13.1,48,13.5, ,1.54,4.67,1030,7.6,20,27,28, ,69,40,32,39,43,32, ,53, ,37, ,39, ,310,369,0.043,0.33,0.08,0.07,0.07,0.003,0.5,0.52,0.054,480, ,19.3,63.4,34.5,18.1,76.5,12.5,61.8,25.1, ,103,84.5,23.84,9.49, 
27,57,pomorskie,Kwidzyn,Powiat kwidzyński,"53° 47' 24""","18° 51' 38""",53.79,18.860556,45,24,31,10,55,35,10,1.1,3.5, ,36.3,17.9,0.62,22.02,60.66,2.31,0.05,7.8,6.9,0.05,0.02,17.8,23,26.6,4.3,1.34,7.88,585,10.6,28, ,39, ,81,44,34,43, ,40, ,60,49,37, ,66, ,281,493,0.027,0.17,0.08,0.09,0.09,0.003,0.4,0.45,0.038,991, ,17,29.3,32,16.4,65.3,9.72,31.5,23.4, ,98.1,26.8,18.53,6.73, 
28,59,kujawsko - pomorskie,M. Bydgoszcz,Powiat m. Bydgoszcz,"53° 5' 4""","18° 7' 35""",53.084444,18.126389,70,20,10,2,85,13,2,4.2,0.27, ,6.4,1.7,0.13,2.1,32.81,4.51,0.04,5.5,4.2,0.51, ,11.7,2.6,1.9,3.1,2.62,52.4,243, , , , , ,40,26, ,26, ,28, ,32,32, , ,48, ,120,232,0.009,0.05,0.42,0.58,0.32,0.007,2.04,2.75,0.093,103, , ,2.26, ,5.02,6.29, ,2.48, , ,12.4, ,2.54, , 
29,61,kujawsko - pomorskie,Zławieś Wielka,Powiat toruński,"53° 1' 16""","18° 28' 10""",53.021111,18.469444,42,33,25,10,53,37,10,2.4,0.65, ,10.4,5.3,0.44,6.39,61.44,2.84,0.03,6.5,5.7,0.09, ,15.2,19.9,6.8,2.9,1.65,18.33,322,11.7,31, , , ,31, , , , , , ,26, , , ,36, ,31,93,0.013,0.09,3.42,2.17,0.08,0.01,0.64,0.88,0.014,342, ,3.54,10.6,10.1,7.87,30.9,3.67,11.6, , ,39, ,9.97,2.69, 
30,63,kujawsko - pomorskie,Świecie,Powiat świecki,"53° 22' 59""","18° 24' 30""",53.383056,18.408333,41,35,24,6,51,43,6,1.8,0.7, ,12.4,7,0.36,8.06,65,3.61,0.02,6.8,6.1,0.07,0.01,16.2,13.7,5.9,3.5,2.09,17.42,389,7.6,20, ,27, ,72,39,33,43, ,43, ,59,44,38, ,70, ,257,468,0.017,0.12,0.08,0.08,0.07,0.004,0.42,0.58,0.061,339, ,6.54,12.4,13.7,9.14,36,4.53,13.3, , ,44.8, ,9.27,3.03, 
31,65,kujawsko - pomorskie,Papowo Biskupie,Powiat chełmiński,"53° 16' 14""","18° 29' 50""",53.270556,18.497222,30,38,32,10,38,52,10,2.4,0.32, ,7.6,3.8,0.68,4.8,63.16,2.64,0.03,6.1,5.5,0.12,0.09,17.8,24.7,3.2,8.8,1.53,30.6,541,33.7,89, , , , , , , , , , , , , , ,28, , ,28,0.011,0.05,0.36,0.15,0.13,0.006,0.71,0.78,0.042,281, , ,9.74,4.52,7.74,13.1,2.9,10.6, , ,28.6, ,12.61,2.31, 
32,69,kujawsko - pomorskie,Jabłonowo Pomorskie,Powiat brodnicki,"53° 19' 43""","19° 12' 42""",53.328611,19.211667,61,26,13,4,75,21,4,3.8,0.22, ,5.6,1.8,0.43,2.45,43.75,1.74,0.02,5.1,4.3,0.47,0.12,13.1,14.8,2.3,4.3,1.01,9.18,308,15.2,40, , , ,61,34,31,38, ,36, ,50,40,34, ,62, ,200,386,0.01,0.11,0.21,0.03,0.03,0.003,0.2,0.23,0.029,286, , ,5.13,2.6,8.29,20.5,1.52,6.09, , ,19.8, ,7.16,1.52, 
33,71,kujawsko - pomorskie,Rypin,Powiat rypiński,"53° 3' 29""","19° 24' 36""",53.058056,19.41,53,28,19,2,65,33,2,2.9,1.45, ,10.6,7.2,0.6,9.25,87.26,5.08, ,6.2,5.7,0.37,0.01,32.2,40.3,12.4,8.7,2.94,29.4,875,18.2,48, , , ,70,28,33,31, ,28, ,30,27,25, ,40, ,190,312,0.01,0.1,0.15,0.19,0.12,0.008,0.88,0.75,0.039,266, ,2.04,10.3,8.45,8.11,24.7,3.95,24.9, , ,51.2, ,16.5,1.87, 
34,73,warmińsko - mazurskie,Zalewo,Powiat iławski,"53° 48' 33""","19° 39' 30""",53.809167,19.658333,41,38,21,4,52,44,4,2,1.2, ,17.8,8.4,1.18,10.78,60.56,2.84,0.04,6.9,6.4,0.09,0.39,32.4,49.4,11.8,9.5,1.66,10.35,456,23.9,63, , , , , , , , , , , , , , ,29, , ,29,0.025,0.16,0.33,0.25,0.27,0.007,0.93,1.08,0.041,292, ,4,18.7,7.65,10.1,32,3.89,25.1,11.1, ,41.6,17.3,13.79,4.83, 
35,75,warmińsko - mazurskie,Płośnica,Powiat działdowski,"53° 13' 40""","20° 0' 7""",53.227778,20.001944,56,29,15,4,69,27,4,2.4,0.23, ,6.6,3.5,0.43,4.16,63.03,3.39,0.02,6.6,5.6,0.09, ,10.6,14.3,2.1,2.4,1.97,24.63,514,6.4,17, ,28, ,108,64,47,73, ,79, ,89,80,66, ,116, ,399,750,0.014,0.08,0.19,0.24,0.19,0.006,1.41,1.46,0.045,400, ,2.71,7.5,4.23,8.89,23.4,2.64,9.19, , ,24.3, ,9.25,1.76, 
36,77,warmińsko - mazurskie,Kozłowo,Powiat nidzicki,"53° 19' 0""","20° 18' 20""",53.316667,20.305556,47,38,15,4,59,37,4,1.8,1.58, ,12.2,5.6,0.56,7.74,63.44,1.84,0.03,6.9,6.4,0.07, ,22.9,20.6,16.6,4.4,1.07,8.92,429,21.6,57, ,41, ,209,115,102,136, ,130, ,176,132,114, ,181, ,733,1336,0.018,0.12,0.07,0.09,0.09,0.004,0.44,0.51,0.032,369, , ,9.77,6.14,8.73,23,2.93,12.8, , ,36.2, ,11.28,1.91, 
37,79,warmińsko - mazurskie,Purda,Powiat olsztyński,"53° 45' 50""","20° 33' 27""",53.763889,20.5575,46,25,29,10,57,33,10,3.8,1.65, ,16.4,8.8,0.43,10.88,66.34,1.56,0.2,5.9,4.5,0.5,0.18,7.1,12.1,15.2,2.2,0.9,10,744, , , , , ,49,29,38,40, ,30, ,38,51, , ,38, ,186,313,0.012,0.09,0.07,0.09,0.05,0.004,0.6,0.71,0.057,300, ,8.18,28.2,15.6,10.9,38.3,7.16,30.8,14.2, ,56,13.1,19.81,5.42, 
38,81,warmińsko - mazurskie,Szczytno,Powiat szczycieński,"53° 33' 5""","21° 9' 5""",53.551389,21.151389,61,29,10,4,75,21,4,3.2,1.1, ,13.6,4.3,0.75,6.15,45.22,1.91,0.52,6.5,5.9,0.1,0.01,30.5,30.8,11.7,2.9,1.11,7.4,353,21.2,56, ,30, ,148,98,106,129, ,89, ,120,168,83, ,128, ,600,1099,0.022,0.15,0.15,0.13,0.16,0.004,0.87,0.98,0.042,356, ,14.1,6.07,2.7,10.1,38.1,1.86,7.81, , ,39.3, ,6.8,2.12, 
39,83,mazowieckie,Rzekuń,Powiat ostrołęcki,"53° 6' 46""","21° 39' 30""",53.112778,21.658333,61,20,19,4,75,21,4,3.6,0.28, ,6.2,1.8,0.22,2.3,37.1,1.67,0.26,5.8,4.7,0.3,0.04,6.3,6.9,3.8,3.9,0.97,9.7,348,3.8,10, ,30, ,166,83,95,113, ,77, ,127,120,68, ,101, ,564,980,0.008,0.1,0.23,0.12,0.11,0.005,0.8,1.23,0.05,177, , ,4.4,2.65,6.62,15.5,1.06,5.52, , ,19.5, ,6.09,1.06, 
40,85,warmińsko - mazurskie,Pisz,Powiat piski,"53° 37' 5""","21° 51' 28""",53.618056,21.857778,65,22,13,2,79,19,2,4.2,0.7, ,13.4,6.3,0.33,7.33,54.7,4.22,0.5,6.8,6.1,0.1,0.01,17.1,11.5,7.1,2.3,2.45,14.41,186,10.2,27, ,25, ,144,134,171,296, ,223, ,128,288,185, ,320, ,993,1914,0.025,0.17,0.31,0.56,0.27,0.006,2,2.73,0.043,46.1, , ,2.84, ,6.62,12.1, ,3.79, , ,17.1, ,3.36,1.82, 
41,87,podlaskie,Grajewo,Powiat grajewski,"53° 36' 26""","22° 29' 59""",53.607222,22.499722,71,16,13,4,70,26,4,4.4,0.1, ,5,0.6,0.09,0.79,15.8,1.66,0.12,5.2,4.3,0.9,0.01,21.5,2,1.5,1.8,0.96,13.71,442, , , , , , , , , , , , , , , , , , , , ,0.008,0.07,0.09,0.11,0.09,0.005,0.5,0.72,0.04,39.7, , ,3.1, ,3.71,9.94, ,3.47, , ,9.62, ,4.93, , 
42,89,podlaskie,Rutki,Powiat zambrowski,"53° 5' 12""","22° 29' 42""",53.086667,22.495,52,33,15,4,65,31,4,4.5,0.24, ,6.4,1.4,0.24,1.88,29.38,2.03,0.13,5.1,4.2,1.3,0.88,6.5,8.4,3.3,4.8,1.18,13.11,588,7.2,19, , , , , , , , , , , , , , , , , , ,0.01,0.09,0.16,0.15,0.17,0.005,0.89,0.98,0.045,184, , ,5.81,3.24,7.22,15.4,2.02,7.58, , ,20.9, ,8.2,1.29, 
43,91,podlaskie,Supraśl,Powiat białostocki,"53° 7' 11""","23° 16' 17""",53.119722,23.271389,67,22,11,6,81,13,6,3.9,0.22, ,6.3,1.6,0.14,1.96,31.11,2.1,0.14,5.5,4.6,0.6,0.26,12,3.6,2.9,3.9,1.22,15.25,340,3.8,10, , , , , , , , , , , , , , , , , , ,0.01,0.08,0.07,0.04,0.05,0.003,0.3,0.24,0.033,197, ,3.2,9.52,5.57,9.22,24.8,2.44,9.74, , ,24.9, ,7.88,1.96, 
44,93,lubuskie,Sława,Powiat wschowski,"51° 51' 35""","16° 6' 7""",51.859722,16.101944,33,25,42,15,42,43,15,3.8,0.28, ,5.4,1.9,0.39,2.62,48.52,2.36,0.02,5.4,4.5,0.28,0.18,27,26.6,2.4,3.27,1.37,19.57,407,11.4,30, , , ,369,216,131,188, ,164, ,307,206,169, ,177, ,1068,1927,0.007,0.07,0.19,0.15,0.07,0.011,0.4,0.43,0.046,157, ,4.03,4.23,2.3,6.85,25,1.02,6.98, , ,11.3, ,7.7,1.91, 
45,95,lubuskie,Strzelce Krajeńskie,Powiat strzelecko-drezdenecki,"52° 56' 1""","15° 27' 49""",52.933611,15.463611,49,36,15,5,61,34,5,1.4,0.25, ,4.8,3,0.26,3.51,73.13,2.07,0.03,6.8,6.2,0.07,0,6.4,7.3,2.2,3.2,1.23,17.57,322,8.3,22, , , , , , , , , , , , , , , , , , ,0.013,0.07,0.02,0.02,0.02,0.001,0.25,0.2,0.053,172, , ,5.94,4.54,7.29,18.7,2.08,8.13, , ,19.1, ,8.34,2.71, 
46,97,lubuskie,Zabór,Powiat zielonogórski,"51° 55' 38""","15° 38' 28""",51.927222,15.641111,60,31,9,2,73,25,2,1.5,0.45, ,7.9,3.6,0.52,4.62,58.48,3.51,0.02,6.6,6.2,0.09,0.02,22.1,26.2,3.7,1.58,2.03,29,712,18.2,48, , , , , , , , , , , , , , , , , , ,0.013,0.07,0.08,0.14,0.1,0.003,0.3,0.37,0.025,245, ,7.01,6.37,4.35,10.1,24.8,1.93,9.21, , ,30.2, ,4.8,2.37,0.105
47,99,lubuskie,Świebodzin,Powiat świebodziński,"52° 32' 3""","15° 16' 58""",52.534167,15.282778,75,17,8,3,90,7,3,8,0.07, ,9.4, ,0.06,0.13,1.38,3.86,0.02,4.9,3.4,2.36,0.49,1.1,2.6,1,1.6,2.24,28,285,3, ,36,29, ,52,26, , ,28, , ,36, , , ,26, ,171,169,0.004,0.08,0.03,0.03,0.02,0.001,0.31,0.26,0.026,15.3, , ,2.3, ,7.8, , ,3.25, , ,4.19, ,2.71,1.22, 
48,101,lubuskie,Cybinka,Powiat słubicki,"52° 9' 25""","14° 49' 21""",52.156944,14.8225,68,18,14,5,91,7,2,5.1,0.16, ,6.47,1,0.15,1.37,56.89,1.51,0.03,4.8,3.9,2.22,0.03,3.2,3.9,1.8, ,0.87,14.5,432,18.6,49, , , , , , , , , , , , , , , , , , ,0.01,0.06,0.2,0.42,0.09,0.01,0.69,0.69,0.06,248, ,3.7,7.2,4.2,9.5,28.3,1.16,10, , ,22.9, ,8.7, , 
49,103,lubuskie,Kłodawa,Powiat gorzowski,"52° 46' 43""","15° 16' 52""",52.778611,15.281111,51,26,23,4,63,33,4,1.8,0.25, ,6.4,3.5,2.28,6.03,94.22,1.85,0.03,6.6,5.9,0.4,0.01,10,18.7,2.7,3.7,1.07,9.73,383,12.5,33, ,26, ,81,45,33,52,51,38, ,64, ,46, ,45, ,326,430,0.01,0.11,0.25,0.33,0.22,0.004,1.49,2.18,0.084,315, ,4.47,7.14,4.39,11.5,25.7,1.88,11.1, , ,23.8, ,8.18,4.6, 
50,105,lubuskie,Gubin,Powiat krośnieński,"51° 55' 0""","14° 43' 22""",51.916667,14.722778,57,22,21,2,70,28,2,1.4,1.13, ,10,6.1,0.62,7.85,78.5,2.88,0.03,7.1,6.4,0.09,0.01,12.6,24.5,11.8,1.4,1.1,5,491,3.4, ,33,28, ,43, , , , , , ,33, , , , , ,104,104,0.014,0.22,0.19,0.08,0.08,0.005,0.5,0.75,0.065,463, ,7.52,13.6,7.26,18.4,48.5,4.95,19.8, , ,79.2,11.6,10.86,7.25, 
51,107,wielkopolskie,Pniewy,Powiat szamotulski,"52° 31' 58""","16° 15' 6""",52.532778,16.251667,67,22,11,6,81,13,6,1.7,0.28, ,4.5,2.4,0.14,2.82,62.67,1.21, ,6.5,5.7,0.07,0.03,6.5,4.8,3.3,2.8,0.7,23.33,372, , , , , ,85,88,54,105, ,147, ,69,131,114, ,193, ,479,986,0.007,0.03,0.21,0.09,0.07,0.005,0.56,0.57,0.045,275, , ,4.18,3.02,8.59,24.1,1.51,5.53, , ,20.6, ,6.43,1.99, 
52,111,wielkopolskie,Kórnik,Powiat poznański,"52° 19' 22""","17° 4' 41""",52.322778,17.078056,55,24,21,5,67,28,5,2.4,0.53, ,6,3.1,0.3,3.93,65.5,1.93,0.02,5.9,5.1,0.12,0.01,14.2,9.1,6.2,2.7,1.12,14,406,17.8,47, , , , , , , , , , , , , , , , , , ,0.01,0.08,0.07,0.06,0.06,0.004,0.44,0.38,0.063,290, ,2.8,4.99,3.6,8.39,21.1,1.76,6.37, , ,26.9, ,7.13,1.73, 
53,113,wielkopolskie,Środa Wielkopolska,Powiat średzki,"52° 12' 40""","17° 26' 40""",52.211111,17.444444,35,40,25,4,55,41,4,3,0.48, ,8,2.8,0.37,3.65,45.63,3.26,0.02,5.2,5.6,0.39,0.03,12.7,12.5,5.3,2.9,1.89,17.18,432,15.9,42,121,89, ,77,30, , , , , ,53, , , , , ,317,249,0.008,0.11,0.39,0.12,0.13,0.005,0.85,0.89,0.036,234, ,5.61,9.8,5.55,11.3,26.7,2.76,12.8, , ,37, ,6.64,3.68, 
54,115,wielkopolskie,Gniezno,Powiat gnieźnieński,"52° 35' 16""","17° 33' 49""",52.587778,17.563611,47,29,24,9,58,33,9,3.5,0.95, ,11.5,6.4,0.36,7.71,67.04,0.98,0.03,6.1,5.2,0.16,0.1,6.7,11.2,9.7,3.8,0.57,5.7,477,12.5,33, , , ,42, , , , , , ,34, , , ,38, ,42,114,0.013,0.1,0.46,0.68,0.31,0.007,1.82,2.87,0.079,233, ,2.43,11.4,7.4,8.13,22,3.46,13.9, , ,34.2, ,11.12,2.92, 
55,117,kujawsko - pomorskie,Rogowo,Powiat żniński,"52° 46' 27""","17° 40' 42""",52.774167,17.678333,39,21,40,11,48,41,11,1.2,0.83, ,13.2,8.5,0.38,9.71,73.56,1.43,0.02,7,6.3,0.07, ,11.4,10,10,2.1,0.83,8.3,561,8,21, , , ,28, , , , , , , , , , , , ,28,28,0.013,0.1,0.37,0.2,0.17,0.006,1.08,1.15,0.035,279, ,8.09,18.4,12.1,10.3,30.8,4.52,21, , ,48.4,10.4,14.65,4.67, 
56,119,wielkopolskie,Słupca,Powiat słupecki,"52° 16' 54""","17° 53' 59""",52.281667,17.899722,56,27,17,5,69,26,5,4.4,0.13, ,5,0.8,0.14,1.07,21.4,1.72, ,4.5,3.9,2.1,0.06,12.7,10,1.3,4.1,1,12.5,415,12.1,32, , , ,65,42,34,52,57,37, ,54, ,44, ,45, ,287,373,0.007,0.08,0.2,0.11,0.07,0.003,0.35,0.48,0.089,113, ,2.7,6.59,3.47,9.6,13.7,1.77,8.5, , ,21.6, ,7.53,2.43, 
57,121,wielkopolskie,Trzemeszno,Powiat gnieźnieński,"52° 33' 50""","17° 52' 5""",52.563889,17.868056,45,40,15,6,57,37,6,1.4,0.47, ,7,3.9,0.82,5.19,74.14,2.88,0.02,6.9,6.2,0.12,0.01,17.8,37.2,4.9,1.3,1.67,20.88,455,13.6,36, , , , , , , , , , , , , , , , , , ,0.013,0.08,0.12,0.1,0.07,0.014,0.44,0.5,0.03,208, ,5.02,7.71,4.49,7.08,20,2.26,8.88, , ,24.7, ,8.36,1.88, 
58,123,kujawsko - pomorskie,Barcin,Powiat żniński,"52° 49' 29""","18° 0' 14""",52.824722,18.003889,38,42,20,6,49,45,6, ,0.3, ,49.4,16.8,0.37,17.47,35.36,3.12,0.28,7.9,7.8,0.09,0.01,34,12,2.6, ,1.81,25.86,463,9.5,25, ,36, ,108,62,50,59,61,44, ,90, ,55, ,53, ,420,557,0.028,0.07,0.21,0.14,0.15,0.012,0.74,0.79,0.051,337, ,5.04,9.75,6.47,13.8,25.5,2.81,13.4, , ,34.8,12.4,6.78,2.55, 
59,125,kujawsko - pomorskie,Kruszwica,Powiat inowrocławski,"52° 43' 51""","18° 15' 52""",52.730833,18.264444,42,37,21,6,53,41,6,2,1.85, ,16.8,10.4,0.55,12.8,76.19,1.5,0.04,6.8,6.4,0.09,0,15.6,15.3,15.2,4.2,0.87,6.21,472,12.9,34, , , ,38, , , ,25, , ,31, , , ,40, ,63,109,0.019,0.14,0.14,0.32,0.23,0.005,1.22,1.51,0.043,308, ,7.37,15.3,9.67,13.9,27.6,3.85,17.6,10.7, ,55.4,19.1,14.03,4.48, 
60,127,wielkopolskie,Stare Miasto,Powiat koniński,"52° 6' 46""","18° 9' 57""",52.112778,18.165833,60,19,21,4,73,23,4,4.5,0.17, ,5.1,0.6,0.09,0.86,16.86,1.92, ,4.7,4,1.31,0.02,24.6,6.6,2.3,3.2,1.11,9.25,225,12.5,33, , , ,114,69,53,86,86,61, ,92, ,75, ,74, ,469,624,0.01,0.12,0.08,0.05,0.05,0.002,0.21,0.28,0.02,17.1, ,2.32,2.92, ,6.47,7.43, ,3.63, , ,10.6, ,3.32,1.37, 
61,129,wielkopolskie,Chodów,Powiat kolski,"52° 14' 37""","19° 1' 15""",52.243611,19.020833,27,35,38,9,35,56,9,3.9,0.28, ,4.9,1.8,0.37,2.5,51.02,2.31, ,5.4,4.6,0.3,0.01,26.5,21.3,2.8,3.27,1.34,9.57,385,11.7,31, , , ,26, , , , , , , , , , , , ,26,26,0.006,0.14,0.17,0.21,0.11,0.009,0.58,0.71,0.035,122, ,5.9,4.12,2.5,6.27,18.9,1.11,6.97, , ,10, ,6.9,1.6,0.176
62,131,łódzkie,Kutno,Powiat kutnowski,"52° 16' 7""","19° 22' 48""",52.268611,19.38,53,24,23,6,65,29,6,3.6,0.45, ,7,3,0.65,4.1,58.57,2.43,0.03,5.5,4.7,0.33,0.01,20.2,22.4,5,6,1.41,14.1,636,14.8,39, , , ,60,37,28,35,40,38, ,49, ,35, ,61, ,238,343,0.013,0.1,0.18,0.13,0.1,0.003,0.63,0.82,0.021,253, ,4.06,9.1,5.01,11.5,29.8,2.79,12.8, , ,32.2, ,12.86,2.18, 
63,133,kujawsko - pomorskie,Fabianki,Powiat włocławski,"52° 41' 55""","19° 1' 14""",52.698611,19.020556,49,22,29,10,60,30,10,3.3,1, ,12.1,6.1,0.23,7.33,60.58,1.67,0.02,5.9,4.9,0.11, ,8.1,7.3,9.8,2.3,0.97,7.46,352,6.8,18, , , , , , , , , , , , , , ,31, , ,31,0.017,0.13,0.53,0.61,0.29,0.006,1.79,2.24,0.036,540, ,4.12,10.6,9.89,11.4,33.6,3.5,12.1, , ,53.5, ,8.13,3.71, 
64,135,kujawsko - pomorskie,Lipno,Powiat lipnowski,"52° 51' 21""","19° 12' 32""",52.855833,19.226,61,24,15,5,73,22,5,3.4,0.65, ,9.12,2.8,0.33,3.78,41.45,3.45, ,6.1,5.3,0.16, ,9.4,10.2,4.4,1.9,2,18.18,310,9.85,26, , , ,49,33,27,40,32,28, ,60, ,30, ,37, ,209,304,0.011,0.11,0.32,0.27,0.19,0.009,0.71,1.01,0.06,289, ,3.98,7.14,6.05,11.4,39.8,2.07,10.1, , ,39.9, ,7.05,1.7, 
65,137,mazowieckie,Sierpc,Powiat sierpecki,"52° 52' 29""","19° 40' 10""",52.874722,19.669444,43,32,25,4,54,42,4,2.9,0.35, ,7.7,1.8,0.54,2.69,34.94,5.38,0.02,6,5,0.18,0.02,13.8,22.5,3.9,1.4,3.12,26,391,5.7,15, ,54, ,185,118,106,128,120,85, ,157, ,113, ,108, ,796,1054,0.009,0.12,0.21,0.18,0.19,0.004,0.86,1.16,0.049,401, ,4.8,6.95,4.61,12.3,34.8,2.21,8.45, , ,35.6, ,6.12,1.86, 
66,139,mazowieckie,Stara Biała,Powiat płocki,"52° 36' 19""","19° 38' 38""",52.605278,19.643889,50,21,29,4,61,35,4,3.7,0.43, ,6.9,2.1,0.22,2.75,39.86,4.22,0.02,6,4.9,0.14,0.01,14,8.1,4.9,2,2.45,22.27,489,3.2, ,34,35, ,67,40,30,38,42,31, ,54, ,35, ,34, ,317,364,0.008,0.11,0.51,0.22,0.15,0.007,0.97,1.89,0.117,216, ,5.44,6.21,4.56,14.5,19.8,1.84,10.7, , ,24.2, ,5.98,2.27, 
67,141,mazowieckie,Słubice,Powiat płocki,"52° 20' 24""","19° 57' 46""",52.34,19.962778,60,22,18,4,75,21,4,2.3,0.65,0.15,9.7,6.8,0.31,7.91,81.55,4.71,0.02,6.2,5.5,0.09,0.03,10.6,18.5,5.8,2.7,2.73,16.06,411,14.8,39, , , ,85,56,48,45, ,31, ,71,44,41, ,35, ,265,456,0.014,0.17,0.05,0.07,0.07,0.003,0.33,0.41,0.037,117, ,5.12,10.8,5.43,7.66,23.3,2.01,12.6, , ,31.2, ,8.04,2.27, 
68,143,łódzkie,Łowicz,Powiat łowicki,"52° 6' 56""","19° 58' 40""",52.115556,19.977778,65,20,15,6,79,15,6,1.5,1.82, ,18.3,13,0.37,15.19,83.01,4.22,0.04,7,6.5,0.09, ,15.2,10,14.4,3.7,2.45,15.31,380,7.2,19, , , ,40, , ,25,29,33, ,33, , , ,50, ,127,181,0.044,0.16,0.05,0.07,0.07,0.003,0.51,0.56,0.083,266, ,4.89,11.7,6.39,13.8,37.7,2.69,12.5, , ,43,10.9,8.96,2.06, 
69,145,mazowieckie,Szreńsk,Powiat mławski,"52° 59' 50""","20° 12' 37""",52.997222,20.210278,46,36,18,11,58,31,11,3.5,0.42, ,6.7,2.3,0.46,3.18,47.46,1.52,0.18,6.1,6.1,0.1,0.18,16.4,14.1,5.3,2.1,0.88,11,370,11.4,30, , , ,97,48,60,66, ,44, ,71,74,40, ,61, ,315,561,0.009,0.08,0.04,0.05,0.06,0.003,0.3,0.45,0.028,175, , ,5.75,2.98,7.81,19.3,1.78,7.35, , ,24.2, ,7.25,1.65, 
70,147,mazowieckie,Płońsk,Powiat płoński,"52° 36' 19""","20° 23' 60""",52.605278,20.4,52,31,17,10,65,25,10,3.9,0.62, ,10.4,3.7,0.25,4.57,43.94,3.84, ,5.8,4.6,0.49,0.01,15.5,8.5,6.1,3.2,2.23,14.87,485, , , ,72, ,332,199,153,201,233,159, ,284, ,189, ,194, ,1349,1783,0.01,0.15,0.26,0.13,0.15,0.005,0.96,0.9,0.041,223, ,6.02,14.3,6.25,12,35.3,3.27,16.3, , ,42.3, ,10.51,3.37, 
71,149,mazowieckie,Sońsk,Powiat ciechanowski,"52° 45' 20""","20° 41' 25""",52.755556,20.690278,71,16,13,4,70,26,4,0.9,0.55, ,6.9,3.9,0.24,4.72,68.41,2.69,0.02,6.9,6.6,0.07,0.01,7.3,16.4,4.7,4.62,1.56,19.5,346,10.2,27, , , ,52,35,25,29, , , ,42,30,26, ,26, ,141,265,0.009,0.08,0.21,0.21,0.17,0.004,0.47,0.56,0.024,98, ,6.52,4.11,2.62,11.9,19.4, ,6.87, , ,18.7, ,6.85,2.78, 
72,151,mazowieckie,Wieliszew,Powiat legionowski,"52° 26' 16""","20° 47' 1""",52.437778,20.783611,36,23,41,10,45,45,10,3.5,2.03, ,16.1,10.1,0.37,12.5,77.64,3.69,0.27,6.3,5.4,0.1, ,6.4,8,18.4, ,2.14,15.29,453,6.4,17, , , ,39, ,35,31, ,25, ,30, , , ,31, ,130,191,0.019,0.14,0.17,0.27,0.2,0.005,1.26,1.65,0.04,1486, ,10,18.6,18.2,18.8,53.1,6.91,22, , ,123,12.8,13.16,7.66, 
73,153,mazowieckie,Michałowice,Powiat pruszkowski,"52° 9' 32""","20° 54' 8""",52.158889,20.902222,42,39,19,6,53,41,6,2,0.57, ,11.4,4.9,0.39,5.86,51.4,2,0.54,7,6.5,0.1, ,25.9,31.9,6.1,2.4,1.16,11.6,363,11.7,31, ,56, ,201,115,156,176, ,108, ,157,179,101, ,159, ,812,1408,0.014,0.1,0.11,0.26,0.08,0.004,0.96,1.22,0.03,302, ,21.2,8.37,6.45,51.8,92.7,2.69,9.68, , ,64,13,8.07,2.81,0.17
74,155,mazowieckie,Halinów,Powiat miński,"52° 15' 5""","21° 19' 40""",52.251389,21.327778,60,31,9,2,73,25,2,1.8,0.32, ,4.6,2.5,0.12,2.94,63.91,0.78,0.03,6.6,5.9,0.11, ,14.6,2.4,2.9,2.8, ,5,227, , , , , , ,33, ,31,60,33, , , ,37, ,56, ,157,190,0.011,0.05,0.22,0.17,0.2,0.004,1.21,1.45,0.041,106, , ,2.58, ,7.25,7.51, ,3.21, , ,13.1, ,3.69, , 
75,157,mazowieckie,Kałuszyn,Powiat miński,"52° 12' 6""","21° 47' 12""",52.201667,21.786667,68,19,13,2,83,15,2,2,0.58, ,12,5.5,0.17,6.25,52.08,3.98,0.04,6.8,6.2,0.09, ,16.8,7.3,7.1, ,2.31,7.22,267,3, ,37,87, ,255,157,138,164,181,124, ,209, ,155, ,154, ,1143,1443,0.012,0.32,0.19,0.34,0.23,0.006,1.34,1.91,0.074,346, ,5.27,6.51,2.66,15.4,28.8,1.56,5.4, , ,28.8, ,3.13,1.61, 
76,159,mazowieckie,Małkinia Górna,Powiat ostrowski,"52° 42' 36""","22° 4' 5""",52.71,22.068056,65,26,9,2,79,19,2,4.2,0.77, ,12.8,5.2,0.25,6.22,48.59,1.53,0.06,5.8,5.2,0.14,0.01,35.2,8.8,7.8,2.2,0.89,2.97,329,7.6,20,94,66,30,93,48,44,50,52,37,31,66, ,46, ,46, ,514,557,0.022,0.3,1.12,0.27,0.16,0.006,0.71,0.84,0.046,126, ,4.6,5.28,2.94,9.88,35.9,1.01,5.3, , ,26.5, ,3.03,1.42, 
77,161,mazowieckie,Miedzna,Powiat węgrowski,"52° 31' 22""","22° 3' 36""",52.522778,22.06,67,20,13,5,81,14,5,3.6,0.15, ,5.4,1,0.24,1.39,25.74,0.9,0.14,4.9,4.2,0.9,0.08,9,7.9,2.4,3.8,0.52,8.67,291,10.2,27, , , ,28, , , , , , , , , , , , ,28,28,0.008,0.06,0.44,0.27,0.22,0.006,1.31,1.51,0.051,218, , ,3.98,2.34,8.05,14.1,1.71,5.44, , ,14.8, ,6.44,1.35, 
78,163,mazowieckie,Zbuczyn,Powiat siedlecki,"52° 6' 5""","22° 24' 15""",52.101389,22.404167,44,35,21,5,55,40,5,2.6,0.55, ,6.2,2.1,0.49,3.14,50.65,5.49,0.02,6.7,5.6,0.12, ,23.2,16.5,4.7,2.4,3.18,31.8,311, , , , , , , , , , , , , , , , , , , , ,0.012,0.1,0.08,0.06,0.07,0.004,0.34,0.41,0.054,251, , ,4.96,3.16,7.16,17.9,1.5,5.72, , ,28.7, ,7.11,1.26, 
79,165,mazowieckie,Łosice,Powiat łosicki,"52° 13' 26""","22° 44' 56""",52.223889,22.748889,28,44,28,5,37,58,5,1.4,1.17, ,15.6,5.5,0.55,7.22,46.28,0.77,0.03,7.2,6.8,0.07, ,18.5,17.1,15.8,1.8, ,3.13,526,8.7,23, , , , , , , , , , , , , , , , , , ,0.013,0.08,0.16,0.12,0.12,0.005,0.52,0.62,0.042,314, ,4.02,8.31,5.64,8.66,26.1,3.07,10.2, , ,34.3, ,11.91,2.03, 
80,167,podlaskie,Łapy,Powiat białostocki,"52° 58' 34""","22° 53' 35""",52.976111,22.893056,47,36,17,4,59,37,4,1.7,2, ,17.9,6.8,1.3,10.1,56.42,0.91,0.4,7.2,6.8,0.1, ,34.6,64.8,19.9,1.3,0.53,2.65,517,16.7,44, , , ,27, ,28,25, ,25, , , , , ,26, ,105,131,0.024,0.2,0.04,0.03,0.03,0.001,0.2,0.26,0.041,186, ,3.43,7.78,4.93,8.55,46.5,2.3,9.67, , ,36.3, ,9.15,1.67, 
81,169,podlaskie,Białowieża,Powiat hajnowski,"52° 41' 15""","23° 51' 12""",52.6875,23.853333,43,36,21,5,55,40,5,3.2,0.18, ,4.6,1.9,0.22,2.34,50.87,2.68, ,5.5,4.8,0.4,0.19,12.3,5.3,1.7,6.51,1.55,12.92,353,8.3,22, , , , , , , , , , , , , , , , , , ,0.008,0.12,0.21,0.18,0.12,0.004,0.18,0.3,0.026,169, ,3.09,5.4,2.87,7.92,17.6,1.88,6.91, , ,18.5, ,6.54,1.39, 
82,171,lubelskie,Biała Podlaska,Powiat bialski,"52° 1' 54""","23° 4' 58""",52.031667,23.082778,48,37,15,4,60,36,4,3.6,0.17, ,5,1,0.22,1.39,27.8,0.9,0.15,5,4.2,0.9,0.52,8.5,5.4,1.9,2.6,0.52,7.43,400,6.1,16, , , , , , , , , , , , , , , , , , ,0.006,0.07,2.06,0.28,0.13,0.009,0.91,2.42,0.124,230, , ,3.46, ,5.3,14.1,1.42,4.18, , ,17.6, ,5.9, , 
83,173,lubelskie,Terespol,Powiat bialski,"52° 3' 4""","23° 36' 2""",52.051111,23.600556,50,35,15,4,63,33,4,2.9,0.55, ,6.9,3,0.28,3.83,55.51,1.66,0.47,5.6,4.9,0.1, ,10,9.1,5.9,3,0.96,12,285,9.1,24, , , ,62,39,55,54, ,39, ,48,65,34, ,54, ,249,450,0.011,0.08,0.14,0.13,0.12,0.005,0.67,0.89,0.052,203, , ,3.94,2.26,6.39,21.8,1.46,4.84, , ,32.8, ,5.73,1.25, 
84,175,lubuskie,Przytoczna,Powiat międzyrzecki,"52° 34' 15""","15° 48' 44""",52.570833,15.812222,56,29,15,4,69,27,4,2,0.38, ,50,17.8,0.38,18.56,37.12,2.51,0.02,7.4,7.2,0.12,0.2,16.6,12.9,3.9,1.9,1.45,20.71,433,11.4,30, ,60, ,166,53,53,58, ,61, ,134,59,52, ,65, ,451,761,0.01,0.07,0.08,0.07,0.07,0.002,0.45,0.54,0.063,306, ,3.33,5.51,2.95,11.6,21.2,1.37,9.13, , ,27.8, ,9.25,1.88, 
85,177,dolnośląskie,Zgorzelec,Powiat zgorzelecki,"51° 10' 0""","15° 5' 48""",51.166667,15.096667,39,38,23,4,49,47,4,1.4,0.95, ,14,7.6,0.71,9.26,66.14,2.07,0.03,6.8,6.4,0.09,0.02,14.3,30.5,10,2,1.2,8,782,16.7,44, , , , , , , , , , , , , , , , , , ,0.017,0.15,0.09,0.13,0.13,0.004,0.67,0.8,0.025,256, ,6.17,13.8,6.76,21.5,41.4,3.64,19.3, , ,56.6,11.8,14.63,5.42, 
86,179,lubuskie,Sulęcin,Powiat sulęciński,"52° 28' 14""","15° 7' 46""",52.470571,15.129501,57,32,11,4,71,25,4,2.4,0.22, ,10,4.3,0.5,5.02,50.2,1.87,0.02,6.4,5.7,0.12, ,17.6,14.9,2.1,2,1.09,13.63,340,18.6,49, ,53, ,243,104,84,119, ,145, ,200,139,124, ,167, ,748,1378,0.009,0.08,0.21,0.1,0.09,0.004,0.51,0.62,0.032,230, ,3.39,5.98,3.14,11.5,23,1.53,9.09, , ,21.3, ,7.32,2.33, 
87,181,lubuskie,Szprotawa,Powiat żagański,"51° 38' 33""","15° 34' 24""",51.6425,15.573333,52,31,17,4,64,32,4,1.2,1.3, ,10.2,3.7,0.51,5.51,54.02,1.49,0.03,6.6,6.2,0.11,0.02,9.7,26.5,14.8,2,0.87,5.8,475,11,29, , , , , , , , , , , , , , , , , , ,0.026,0.15,0.09,0.05,0.05,0.003,0.28,0.34,0.029,187, ,4.56,6.13,2.82,15.5,21.5,1.33,11.5, , ,21.6, ,7.01,2.65, 
88,183,dolnośląskie,Bolesławiec,Powiat bolesławiecki,"51° 19' 30""","15° 37' 5""",51.325,15.618056,49,34,17,6,61,33,6,2.9,0.67, ,5.1,2,0.9,3.57,70,1.54,0.02,5.7,4.9,0.21,0.05,9.6,45.7,6.8,2.7,0.89,6.85,497,30.7,81, , , , , , , , , , , , , , , , , , ,0.01,0.13,0.03,0.05,0.05,0.003,0.26,0.34,0.031,277, ,4.28,5.7,3.42,12.3,22.9,1.75,8.92, , ,35.6, ,6.51,2.71, 
89,187,dolnośląskie,Zagrodno,Powiat złotoryjski,"51° 11' 31""","15° 51' 25""",51.191944,15.856944,20,57,23,4,28,68,4,3,0.58, ,10,5.6,0.41,6.59,65.9,0.63,0.03,5.8,5.2,0.16,0.05,8.7,15.7,5.5,3.2, ,2.27,809,20.8,55, , , , , , , , , , , , , , , , , , ,0.014,0.11,0.06,0.08,0.07,0.003,0.34,0.52,0.033,705, ,10.5,11.7,7.61,19.5,31,4.62,20.1, , ,67.4, ,15.25,4.56, 
90,189,dolnośląskie,Krotoszyce,Powiat legnicki,"51° 12' 1""","16° 7' 1""",51.200278,16.116944,22,35,43,8,29,63,8,0.8,0.67,0.1,18.4,13.1,0.62,14.49,78.75,2.86,0.05,7.5,6.9,0.11, ,25.3,20.5,6.7,7,1.66,11.86,505,10.2,27, , , ,41,25, ,31,32, , ,32, , , ,32, ,129,161,0.01,0.14,0.23,0.13,0.12,0.005,0.39,0.59,0.054,491, ,265,11.3,9.22,109,56,7.23,16.8, , ,61.4, ,15.61,12.1,0.125
91,191,dolnośląskie,Chojnów,Powiat legnicki,"51° 18' 5""","15° 55' 23""",51.301389,15.923056,20,49,31,5,28,67,5,1.5,1, ,9.1,6.3,0.25,7.55,82.97,2.96,0.02,6.7,6.1,0.11,0.05,13.5,8.6,10,1.8,1.72,12.29,722,7.6,20, , , , , , , , , , , , , , , , , , ,0.013,0.14,0.41,0.28,0.17,0.006,1.02,1.34,0.048,432, ,11.1,12,7.56,19,33,3.84,19.2, , ,56.1,11,13.73,4.39, 
92,193,lubuskie,Górzyca,Powiat słubicki,"52° 32' 4""","14° 37' 44""",52.534444,14.628889,53,20,27,8,65,27,8,1.5,2.08,0.14,47.3,20.4,1.6,24.22,51.21,1.76,0.17,7.4,7.1,0.09, ,41.5,55,20.1,6.5,1.02,5.1,590,22,58, ,34, ,70,26,26,31, ,35, ,57,32,26, ,37, ,222,374,0.041,0.2,0.17,0.27,0.21,0.006,1.77,1.93,0.03,391, ,17,24,16.9,20.9,72.2,7.23,26.1,17.3, ,139,21.4,15.74,7.99, 
93,195,dolnośląskie,Kotla,Powiat głogowski,"51° 42' 24""","16° 3' 35""",51.706667,16.059722,58,28,14,4,71,25,4,5.1,1.92, ,19.3,14.1,0.28,16.3,84.46,2.22,0.04,5.1,4.2,0.53,0.09,2.5,9.9,15.8,1.7,1.29,6.45,565,14,37, , , , , , , , , , , , , , , , , , ,0.019,0.2,0.01,0.02,0.02,0.001,0.25,0.2,0.024,622, ,90.8,22.2,13.2,51,51,5.08,28.4,12.3, ,138,14.3,14.03,10.8, 
94,197,dolnośląskie,Grębocice,Powiat polkowicki,"51° 36' 27""","16° 10' 32""",51.6075,16.175556,29,39,32,7,38,55,7,2.9,1.07, ,14.9,9.6,0.77,11.44,76.78,5.95,0.03,6,5.5,0.09,0.01,13.3,24.9,10.9,4.8,3.45,21.56,853,17.8,47, , , , , , , , , , , , , , , , , , ,0.02,0.16,0.56,0.35,0.21,0.006,1.05,1.3,0.029,487, ,23.7,15.5,10.6,18,32.7,5.01,22.5, , ,79.4,15,17.75,5.36, 
95,199,dolnośląskie,Rudna,Powiat lubiński,"51° 28' 43""","16° 13' 37""",51.478611,16.226944,64,20,16,6,77,17,6,2.9,0.48, ,3.3,1.7,0.35,2.53,76.67,4.11,0.02,5.2,4.4,0.39,0.11,8.6,15.8,4.8,1.1,2.39,41.21,379,18.6,49, , , , , , , , , , , , , , , , , , ,0.004,0.058,0.04,0.09,0.06,0.003,0.44,0.45,0.023,434, ,9.19,6.08,3.52,11.9,17.5,2.2,8.76, , ,24.7, ,5.81,2.6, 
96,201,dolnośląskie,Ścinawa,Powiat lubiński,"51° 25' 13""","16° 22' 22""",51.420278,16.372778,65,24,11,4,79,17,4,4.2,2.05,0.1,7.4,3.05,0.27,5.47,73.92,1.54,0.03,6.8,6.2,0.26, ,18.1,7,3.5,1.8,0.9,9,707,13.3,35, , , , , , , , , , , , , , ,31, , ,31,0.012,0.1,0.23,0.1,0.09,0.006,0.4,0.63,0.088,96.7, , ,4.46, ,7.97,8.22, ,6.08, , ,12, ,7.7,1.59, 
97,203,dolnośląskie,Góra,Powiat górowski,"51° 39' 1""","16° 28' 55""",51.650278,16.481944,37,22,41,11,45,44,11,1.5,0.6, ,8.1,5.3,0.19,6.15,75.93,3.29,0.02,6.5,5.9,0.07,0.02,7.9,9,4.9,3.09,1.91,31.83,413,7.6,20, , , ,69,54,34,47, ,50, ,59,58,47, ,53, ,254,471,0.007,0.06,0.12,0.07,0.04,0.008,0.17,0.35,0.023,504, ,4.7,7.61,5.61,18.9,32.1,4.52,11.1, , ,32.9, ,10.42,2.48, 
98,205,wielkopolskie,Włoszakowice,Powiat leszczyński,"51° 57' 32""","16° 24' 42""",51.958889,16.411667,52,33,15,5,65,30,5,1.7,1.57,0.11,21.9,18.4,0.19,20.27,92.56,4.4,0.04,7.1,6.5,0.07,0.01,1.9,4.5,11.6,2.43,2.55,14.17,546,4.2,11, , , , , , , , , , , , , , , , , , ,0.01,0.18,0.17,0.12,0.16,0.005,0.89,0.89,0.032,265, ,6.59,13,7.65,12.6,27.3,3,15.4, , ,57.7,13,12.21,2.42, 
99,207,dolnośląskie,Udanin,Powiat średzki,"51° 1' 52""","16° 27' 1""",51.031111,16.450278,25,48,27,10,33,57,10,2.4,0.87, ,9.7,5.3,0.74,6.91,71.24,4.41,0.03,6.2,5.4,0.12,0.01,9.2,34.6,9.6,3.4,2.56,23.27,811,15.2,40, , , ,63,35,30,32, , , ,51,30, , ,27, ,160,268,0.012,0.11,0.22,0.22,0.17,0.004,1.16,1.9,0.057,581, ,9.56,12.9,9.37,18.1,28.8,5.13,18.1, , ,60.7, ,19.67,6.19, 
100,209,dolnośląskie,Kąty Wrocławskie,Powiat wrocławski,"51° 1' 11""","16° 41' 39""",51.019722,16.694167,22,31,47,10,28,62,10,2.1,1.07,0.1,8.1,4.8,0.94,6.91,85.31,3.86,0.03,6.3,5.6,0.12,0.01,13,44.7,13,3.2,2.24,20.36,896,23.9,63, , , , , , , , , , , , , , , , , , ,0.013,0.11,0.03,0.04,0.03,0.002,0.3,0.28,0.047,593, ,8.92,13,9.98,17.7,29.6,5.38,17.6, , ,64.9, ,19.06,4.79, 
101,211,dolnośląskie,Wołów,Powiat wołowski,"51° 18' 22""","16° 41' 27""",51.306111,16.690833,46,37,17,5,59,36,5,1.4,0.67, ,19.2,12.8,0.53,14,72.92,2.49,0.05,7.2,6.9,0.11,0.01,16,19.4,5.3,2.7,1.44,12,324,18.2,48, ,28, ,52,28,29,41, ,35, ,69,50,80, ,26, ,213,438,0.016,0.12,0.5,0.31,0.1,0.003,0.42,0.66,0.071,347, ,9.07,31.2,6.07,18.7,29.9,3.07,20.3, , ,28.5,16.6,7.74,7.16, 
102,213,wielkopolskie,Miejska Górka,Powiat rawicki,"51° 37' 45""","16° 57' 57""",51.629167,16.965833,31,36,33,6,40,54,6, ,0.33, ,27.5,8.3,0.14,8.83,32.11,4.06,0.13,9.4,7.9, ,0.02,11.7,5.7,2,3.15,2.35,23.5,224,7.2,19, , , ,68,47,29,39, ,35, ,58,43,38, ,37, ,218,394,0.04,0.1,0.71,0.41,0.1,0.003,0.36,0.47,0.031,92.5, ,2.69,3.66,3.01,4.31,13.3,1.29,4.52, , ,13.8, ,4.58,1.53, 
103,215,wielkopolskie,Gostyń,Powiat gostyński,"51° 50' 47""","16° 59' 48""",51.846389,16.996667,64,23,13,3,80,17,3,0.9,0.17, ,4.7,2.6,0.09,2.89,61.49,2.64,0.02,7.1,6.8,0.05,0.01,14.4,3.3,1.4,2.18,1.53,10.93,311,4.2,11, , , , , , , , , , , , , , , , , , ,0.016,0.14,0.22,0.08,0.04,0.005,0.26,0.31,0.019,135, ,3.55,3.85,2.44,9.22,15.1,1.29,8.19, , ,14, ,11.32,1.88, 
104,217,dolnośląskie,Krośnice,Powiat milicki,"51° 28' 15""","17° 21' 16""",51.470833,17.354444,47,34,19,5,59,36,5,1.8,0.47, ,5.8,3.2,0.21,3.92,67.59,3.78, ,6.2,5.4,0.09,0.04,7.2,15.3,3.5,4.92,2.19,43.8,465,10.2,27, , , ,26, , , , , , , , , , , , ,26,26,0.005,0.05,0.17,0.11,0.1,0.005,0.35,0.41,0.038,114, ,2.36,4.51,2.43,6.33,13.7,1.37,5.63, , ,17.5, ,8.74,1.7, 
105,219,wielkopolskie,Koźmin Wielkopolski,Powiat krotoszyński,"51° 49' 42""","17° 25' 29""",51.828333,17.424722,56,25,19,4,69,27,4,2,0.72, ,9.4,5.8,0.25,6.83,72.66,3.65,0.03,6.6,6.5,0.09,0.02,17.7,14.2,6.8,5.23,2.12,21.2,381,13.6,36, , , , , , , , , , , , , , , , , , ,0.013,0.1,0.12,0.06,0.07,0.004,0.28,0.33,0.045,152, ,4,6.45,4.33,9.3,18.9,1.56,8.95, , ,28.3, ,14.5,3.12, 
106,221,opolskie,Domaszowice,Powiat namysłowski,"51° 2' 24""","17° 54' 14""",51.04,17.903889,44,33,23,4,55,41,4,3,0.75, ,9.4,3.1,0.71,4.56,48.51,1.2,0.04,6.4,5.4,0.11,0.01,30.5,27.3,8.1,4.3,0.7,5.83,271,6.8,18, ,274,81,1190,661,588,735, ,680, ,996,778,692, ,818, ,4209,7493,0.019,0.12,0.1,0.07,0.06,0.002,0.42,0.61,0.033,276, ,6.26,7.35,5.55,13.4,46.4,2.3,11, , ,35.6, ,8.34,2.89, 
107,223,wielkopolskie,Perzów,Powiat kępiński,"51° 15' 49""","17° 46' 11""",51.263611,17.769722,40,29,31,6,50,44,6,1.7,0.53, ,8.3,5.1,0.43,6.06,73.01,3.15,0.02,6.8,6.1,0.07,0.01,11.6,16,4.9,2.2,1.83,14.08,418,4.55,12, , , ,63,37,29,43, ,45, ,54,43,37, ,73, ,217,424,0.02,0.13,0.1,0.11,0.12,0.005,0.51,0.74,0.052,397, ,2.68,7.91,6.37,13.3,36.8,3.34,11.8, , ,49.6, ,9.54,4.53, 
108,225,wielkopolskie,Baranów,Powiat kępiński,"51° 15' 52""","18° 5' 16""",51.264444,18.087778,61,24,15,4,75,21,4,3.5,0.15, ,4.7,1.1,0.18,1.43,30.43,1.21, ,5.4,4.4,0.63,0.36,10,4.4,1.4,3.2,0.7,6.36,221, , , , , , , , , , , , , , , , ,37, , ,37,0.011,0.11,0.22,0.25,0.2,0.006,0.84,1.08,0.037,105, , ,3.16, ,7.9,12.6, ,4.88, , ,10.9, ,3.85,1.67, 
109,229,wielkopolskie,Opatówek,Powiat kaliski,"51° 45' 20""","18° 13' 43""",51.755556,18.228611,57,18,25,8,69,23,8,1.2,0.47, ,12,7,0.1,7.57,63.08,0.86,0.03,7.3,6.9,7, ,17.1,8,4.8,2.6,0.5,5,556,9.85,26, , , ,67,38,36,46,43,29, ,56, ,38, ,35, ,259,345,0.013,0.1,0.14,0.07,0.07,0.004,0.4,0.5,0.034,429, ,4.8,7.58,5.6,13.2,21.9,2.95,9.98, , ,44.9, ,13.19,2.7, 
110,231,wielkopolskie,Przykona,Powiat turecki,"51° 58' 22""","18° 39' 51""",51.972778,18.664167,60,27,13,4,73,23,4,2.4,0.18, ,3,1.3,0.27,1.75,58.33,1.14, ,5.2,4.2,0.58, ,24.5,8.4,2.1,3.9,0.66,8.25,245,6.1,16, , , ,90,60,40,65, ,76, ,73,81,61, ,114, ,331,660,0.014,0.08,0.3,0.21,0.11,0.005,0.7,0.71,0.071,139, , ,3.44,2.04,8.94,15.7, ,4.28, , ,13.5, ,4.79,1.32, 
111,233,łódzkie,Zadzim,Powiat poddębicki,"51° 49' 37""","18° 51' 2""",51.826944,18.850556,56,23,21,4,69,27,4,3.8,0.45, ,7.2,2.4,0.28,3.13,43.47,0.91,0.02,5.5,4.6,0.26,0.03,19.1,16.6,4.8,3.8,0.53,4.42,355,13.3,35, , , ,38, , ,26,30, , ,32, , , , , ,94,96,0.011,0.12,0.18,0.1,0.09,0.003,0.64,0.69,0.026,318, ,4.22,6.23,4.43,13.5,23.5,2.11,7.76, , ,29.6, ,7.2,2.58, 
112,235,łódzkie,Złoczew,Powiat sieradzki,"51° 26' 56""","18° 37' 48""",51.448889,18.63,57,25,18,3,69,28,3,3.8,0.63, ,6,2.5,0.41,3.54,59,1.38,0.19,5.2,4.6,0.4,0.27,21.9,14.7,8.3,3.7,0.8,8,431,18.2,48, ,28, ,133,75,85,96, ,73, ,101,117,63, ,102, ,490,873,0.01,0.1,0.57,0.17,0.13,0.006,0.95,1.5,0.062,210, , ,6.78,3.93,10.4,29.4,2.32,8.86, , ,30, ,8.36,3.05, 
113,237,łódzkie,Wieluń,Powiat wieluński,"51° 14' 42""","18° 35' 42""",51.245,18.595,31,44,25,4,41,55,4,3.3,0.7, ,8.7,2.1,0.34,3.14,36.09,5.74,0.02,5.7,4.8,0.23,0.03,12.9,11,7.5,3.4,3.33,37,387,4.55,12, ,27, ,81,48,40,49,55,37, ,66, ,43, ,47, ,337,438,0.009,0.09,0.2,0.2,0.12,0.004,0.64,1.01,0.04,339, ,5.2,6.91,4.08,12.6,28.2,2.33,8.83, , ,47.7, ,6.08,2.48, 
114,239,śląskie,Popów,Powiat kłobucki,"51° 4' 21""","18° 56' 17""",51.0725,18.938056,50,29,21,4,61,35,4,2.4,0.3, ,6.2,2.8,0.27,3.37,54.35,3.62,0.24,6.4,5.5,0.1,0.02,7.5,10,4,3.2,2.1,30,343, , , , , ,72,46,53,69, ,62, ,55,96,46, ,82, ,302,581,0.009,0.07,0.06,0.04,0.04,0.001,0.31,0.28,0.06,361, , ,6.2,4.19,13.1,25.6,2.35,9.83, , ,40.5, ,8.1,2.41, 
115,241,łódzkie,Łask,Powiat łaski,"51° 37' 23""","19° 4' 21""",51.623056,19.0725,62,19,19,8,75,17,8,2.4,0.93, ,11.2,5.1,0.28,6.31,56.34,1.52,0.02,6.5,6,0.11, ,10.7,7.3,8.8,5.6,0.88,8.8,374,4.55,12, , , , , , , , , , , , , , ,25, , ,25,0.013,0.1,0.13,0.05,0.03,0.002,0.25,0.21,0.031,177, , ,7.67,4.44,10.3,23.5,2.27,9.91, , ,24.7, ,7.82,2.72, 
116,243,łódzkie,Parzęczew,Powiat zgierski,"51° 57' 29""","19° 10' 13""",51.958056,19.170278,66,24,10,2,81,17,2,5.3,0.13, ,6.3,0.8,0.13,1.06,16.83,2.81,0.03,4.8,4.1,1.6,0.01,7,2.3,1.5,3.3,1.63,13.58,159,7.2,19, , , ,74,47,59,69, ,54, ,57,89,44, ,76, ,303,569,0.012,0.12,0.04,0.09,0.11,0.003,0.51,0.73,0.029,22.4, , ,2.65, ,6.74,12, ,3.58, , ,9.32, , ,1.28, 
117,245,łódzkie,Stryków,Powiat zgierski,"51° 84' 19""","19° 57' 37""",52.405278,19.960278,47,38,15,4,59,37,4,6.3,0.12, ,9.1,1.3,0.34,1.76,19.34,3.47,0.02,4.7,3.9,2.01,0.38,29.1,10,1.7,3.3,2.01,6.48,312,5.3,14,29,114, ,174,95,71,79,89,54, ,137, ,78, ,72, ,705,874,0.012,0.31,0.4,0.26,0.32,0.007,1.3,1.61,0.086,128, ,6.48,7.55,5.01,18.9,27.5,1.91,9.42, , ,37.7, ,5.43,2.32, 
118,247,łódzkie,Rzgów,Powiat łódzki wschodni,"51° 39' 34""","19° 27' 19""",51.659444,19.455278,52,27,21,7,64,29,7,1.2,0.63, ,32.6,15.7,0.75,17.08,52.39,3.87,0.09,7.5,7.1,0.09,0.01,49.2,28.3,6, ,2.07,10.35,409,7.6,20, ,125,36,426,232,223,213,239,141, ,343, ,201, ,183, ,1635,2123,0.039,0.2,0.06,0.09,0.1,0.003,0.46,0.63,0.033,436,1.13,109,16.8,9.68,39.7,94.8,4.58,18.7, , ,63.5,38.9,7.86,11.2,0.236
119,249,łódzkie,Kleszczów,Powiat bełchatowski,"51° 13' 4""","19° 21' 15""",51.217778,19.354167,51,28,21,5,63,32,5,2,1.23, ,7.2,3,0.41,4.64,64.44,2,0.03,6.7,6.2,0.11, ,14.2,14.3,11.7,4,1.16,16.57,398,11.4,30, , , ,50,26, , ,27,25, ,39, , , ,40, ,128,180,0.01,0.07,0.02,0.04,0.03,0.003,0.31,0.46,0.033,630, , ,6.3,3.99,11.6,23.2,3.96,9.39, , ,41.4, ,7.48,2.07, 
120,251,łódzkie,Wola Krzysztoporska,Powiat piotrkowski,"51° 20' 7""","19° 35' 47""",51.335278,19.596389,58,23,19,5,71,24,5,2.1,0.32, ,6.7,2.7,0.39,3.41,50.9,4.36,0.02,6,5.2,0.14,0.01,14.7,11.4,3.5,1.2,2.53,23,403,7.6,20, , , ,61,36,25,33,39,27, ,49, ,32, ,33, ,221,296,0.008,0.11,0.34,0.45,0.17,0.006,1.14,1.82,0.038,244, ,5.2,10.2,5.28,17.2,30.6,3.17,15, , ,30.7, ,5.46,2.71, 
121,253,łódzkie,Koluszki,Powiat łódzki wschodni,"51° 45' 21""","19° 50' 31""",51.755833,19.841944,40,41,19,5,51,44,5,3.6,0.98, ,14.2,6,0.76,7.74,54.51,3.22,0.04,7,6.3,0.09,0.01,28.4,29.2,10,3.8,1.87,10.39,338, , , ,106,25,185,106,97,106, ,94, ,146,114,102, ,139, ,719,1220,0.027,0.18,0.35,0.17,0.21,0.004,0.85,0.99,0.077,359, ,6.66,7.53,4.61,15.8,46.6,2.08,8.16, , ,41.5, ,7.79,2.17, 
122,255,łódzkie,Skierniewice,Powiat skierniewicki,"51° 52' 45""","20° 7' 41""",51.879167,20.128056,39,38,23,4,49,47,4,2,0.73, ,8.8,5.4,0.12,6.25,71.02,1.98,0.03,6.7,6,0.09, ,4.8,1.8,6.1,2.4,1.15,10.45,402,10.2,27, , , , , , , , , , , , , , , , , , ,0.015,0.11,0.31,0.17,0.21,0.005,1.05,1.18,0.047,340, , ,7.63,5.07,8.38,17.8,2.52,9.59, , ,33, ,10.38,1.76, 
123,257,łódzkie,M. Skierniewice,Powiat m. Skierniewice,"51° 57' 14""","20° 14' 20""",51.953889,20.238889,61,25,14,4,75,21,4,0.8,0.43, ,4.8,2.9,0.42,3.75,78.13,1.52,0.21,6.4,5.9,0.1, ,21.1,14.7,4.7,3.9,0.88,12.57,302,10.2,27, , , ,40, ,32,31, ,26, ,31,43, , ,32, ,129,235,0.013,0.07,0.14,0.09,0.14,0.004,0.37,0.52,0.038,165, , ,3.27, ,9.55,17.8,1.14,4.09, , ,19.5, ,5.49,1.29, 
124,259,łódzkie,Lubochnia,Powiat tomaszowski,"51° 34' 16""","20° 4' 18""",51.571111,20.071667,44,37,19,5,55,40,5,3.9,0.42, ,6.3,2.3,0.44,3.16,50.16,1.97,0.02,5.6,4.5,0.44, ,7.4,16.1,4,3.8,1.14,10.36,410, , , ,46, ,82,41,36,41, ,35, ,63,43,36, ,64, ,281,487,0.014,0.11,0.27,0.41,0.23,0.006,1.76,2.5,0.075,590, , ,6.71,4.11,14.8,26.1,3.66,9.61, , ,40.3, ,9.25,2.28, 
125,261,łódzkie,Opoczno,Powiat opoczyński,"51° 22' 27""","20° 18' 59""",51.374167,20.316389,56,25,19,4,69,27,4,3.3,0.6, ,6.9,2.9,0.31,3.81,55.22,1.79,0.04,5.9,4.8,0.23,0.03,5.8,8.6,6,3.8,1.04,11.56,352,5.3,14, ,29, ,77,43,31,40,48,43, ,61, ,38, ,68, ,311,430,0.012,0.09,0.05,0.07,0.06,0.003,0.59,0.66,0.03,409, , ,5.86,3.71,12.5,23.3,3.25,7.44, , ,30.7, ,7.6,2.02, 
126,263,mazowieckie,Borkowice,Powiat przysuski,"51° 18' 56""","20° 40' 52""",51.315556,20.681111,40,35,25,6,51,43,6,3.2,0.87, ,7.2,3,0.29,4.16,57.78,1.71,0.16,5.4,4.5,0.4,0.09,3.7,9.9,9.5,2.3,0.99,12.38,451,10.2,27, , , , , , , , , , , , , , , , , , ,0.013,0.08,0.31,0.17,0.17,0.004,0.68,1.01,0.055,225, ,2.57,10.4,7.02,10.3,23.2,3.37,13.1, , ,35.2, ,13.47,3.05, 
127,265,świętokrzyskie,Wąchock,Powiat starachowicki,"51° 3' 16""","21° 2' 6""",51.054444,21.035,47,36,17,4,59,37,4,1.1,0.22, ,6.5,3,0.09,3.31,50.92,2.63, ,6.9,7.2,0.07, ,1.9,3.8,2.5, ,1.53,25.5,255,3.8,10, , , , , , , , , , , , , , , , , , ,0.005,0.06,0.15,0.15,0.15,0.006,0.77,0.98,0.049,536, ,3.62,4.95,2.72,12.4,20.1,2.87,8.3, , ,48.2, ,5.12,2.21, 
128,267,mazowieckie,Wierzbica,Powiat radomski,"51° 23' 11""","21° 12' 80""",51.386389,21.222222,47,34,19,4,59,37,4,2.1,0.38, ,6.9,3.1,0.43,3.91,56.67,0.97,0.17,6.2,5.4,0.1, ,8.5,14.4,4,4.5,0.56,8,291,15.9,42, , , ,29, , , , , , , , ,27, , , ,29,56,0.012,0.07,0.18,0.12,0.12,0.005,0.69,0.84,0.032,276, , ,6.24,4.24,17.2,23.2,2.28,7.31, , ,30.6, ,8.38,1.48, 
129,269,mazowieckie,Magnuszew,Powiat kozienicki,"51° 45' 33""","21° 23' 50""",51.759167,21.397222,23,54,23,7,32,61,7,1.7,1.53, ,13.7,6.4,0.24,8.17,59.64,4.41,0.02,6.7,6.2,0.09, ,9.7,8.9,16.7, ,2.56,28.44,426,9.5,25, , , , , , , , , , , , , , , , , , ,0.013,0.09,0.1,0.07,0.08,0.003,0.36,0.47,0.051,328, ,8.75,12.9,15.4,9.95,39,5.02,14, , ,43.6, ,9.14,3.11, 
130,271,mazowieckie,Pilawa,Powiat garwoliński,"52° 0' 14""","21° 33' 13""",52.003889,21.553611,52,33,15,4,65,31,4,2.4,0.4, ,4.6,2.5,0.23,3.13,68.04,3.14,0.02,6.2,5.3,0.11, ,20.8,6.7,4.7,2.9,1.82,18.2,323,6.8,18,33, , ,63,48,32,48,57,42, ,54, ,51, ,51, ,323,389,0.01,0.1,0.09,0.06,0.04,0.002,0.3,0.41,0.033,237, ,5.51,6.43,3.37,12.5,30.7,2.09,7.64, , ,22.7, ,4.47,1.5, 
131,273,lubelskie,Wola Mysłowska,Powiat łukowski,"51° 52' 1""","22° 7' 11""",51.866944,22.119722,57,23,20,8,70,22,8,1.1,0.42, ,3.7,2.2,0.33,2.95,79.73,8.4,0.02,5.9,4.8,0.23,0.01,16.6,15.1,4.3,1.4,4.87,48.7,330,4.55,12, , , , , , , , , , , , , , , , , , ,0.011,0.1,0.48,0.1,0.11,0.003,0.47,0.71,0.062,44.8, ,2.73,3.96,2.32,6.71,15.2, ,5.09, , ,17.3, ,6.6,1.21,0.108
132,275,mazowieckie,Garbatka-Letnisko,Powiat kozienicki,"51° 28' 56""","21° 38' 13""",51.482222,21.636944,56,29,15,2,69,29,2,4.2,0.15, ,4.6,1,0.18,1.33,28.91,1.69,0.18,4.9,4.2,1,0.01,14.8,4.8,2,1.7,0.98,10.89,272,6.4,17, ,67, ,320,175,205,239, ,157, ,249,268,157, ,220, ,1163,2057,0.009,0.09,0.29,0.09,0.07,0.003,0.7,0.71,0.048,186, , ,3.88,2.48,10.1,15.1,1.05,4.66, , ,21.4, ,5.7,1.2, 
133,277,lubelskie,Końskowola,Powiat puławski,"51° 23' 24""","22° 2' 41""",51.39,22.044722,29,50,21,5,38,57,5, ,1.03, ,49.6,17,0.67,18.7,37.7,1.19,0.25,7.7,7.5,0.09, ,17.4,27.7,9.9,1.1,0.69,4.31,570,11.7,31, , , ,26, , , , , , , , , , , , ,26,26,0.029,0.16,0.2,0.15,0.12,0.005,0.52,0.62,0.045,262, ,6.05,11.8,8.03,10.2,26.6,3.36,15.7, , ,40.5,19.6,13.78,3.08, 
134,279,lubelskie,Poniatowa,Powiat opolski,"51° 10' 51""","22° 8' 9""",51.180833,22.135833,25,40,35,4,33,63,4,2.7,0.28, ,14.3,6.7,0.45,7.43,51.96,1.35,0.02,6.4,5.5,0.12, ,26.6,14.8,3.1,2,0.79,5.27,516,7.2,19, , , ,29, , , ,26, , , , , , , , ,55,29,0.014,0.15,0.31,0.15,0.16,0.005,0.88,0.97,0.053,496, ,7.09,12.1,8.37,17,35.5,3.59,13.8, , ,66.2,15.4,9.84,2.68, 
135,281,lubelskie,Niedrzwica Duża,Powiat lubelski,"51° 10' 0""","22° 25' 1""",51.166667,22.416944,28,28,44,10,35,55,10,2.3,0.8, ,11.3,7.4,0.33,8.53,75.49,3.76,0.02,6.6,5.8,0.4, ,14.2,18.2,9.3,3.2,2.18,19.82,696,5.7,15, , , ,25, , , , , , , , , , , , ,25,25,0.012,0.11,0.07,0.06,0.07,0.003,0.38,0.45,0.049,410, ,5.42,14.1,10.4,10.5,23.1,4.69,18.8, , ,54.9,12.8,20.17,3.57, 
136,283,lubelskie,Wólka,Powiat lubelski,"51° 15' 28""","22° 39' 21""",51.257778,22.655833,41,24,35,10,51,39,10,0.8,0.6, ,50.4,34.3,0.36,35.26,69.96,2.36,0.9,7.9,7.5,0.07, ,6,6.9,4.3,1.2,1.37,17.13,417,10.6,28, , , , , , , , , , , , , , , , , , ,0.064,0.08,0.44,0.22,0.14,0.006,1.18,1.29,0.061,265, ,2.32,12.1,10.6,6.69,20.6,3.03,14.3, , ,35.4,163,10.27,1.93, 
137,285,lubelskie,Piaski,Powiat świdnicki,"51° 10' 55""","22° 43' 47""",51.181944,22.729722,17,39,44,13,23,64,13,3.8,0.8, ,11.6,6.1,0.27,7.17,61.81,2.97,0.02,5.7,4.7,1.1,0.02,5.9,14.9,8.9,3.8,1.72,17.2,708,5.7,15, , , , , , , , , , , , , , , , , , ,0.012,0.1,0.22,0.23,0.28,0.005,0.94,1.23,0.04,399, ,5.69,15.6,11,11.8,27.4,5.08,20.1, , ,58.3,10.4,20.3,3.92, 
138,287,lubelskie,Lubartów,Powiat lubartowski,"51° 28' 21""","22° 38' 55""",51.4725,22.648611,60,27,13,4,73,23,4,3.3,0.1, ,4.7,1.1, ,1.2,25.53,1.06, ,5.2,4.4,0.95,0.05,5.1,2.1,1.7,2.9,0.61,7.63,233,6.1,16, , , , , , , , , , , , , , , , , , ,0.006,0.08,0.26,0.19,0.18,0.004,0.96,1.12,0.075,229, , ,3.59,2.43,4.64,7.58,1.18,4.18, , ,22, ,4.62, , 
139,289,lubelskie,Radzyń Podlaski,Powiat radzyński,"51° 48' 60""","22° 40' 10""",51.816667,22.669444,47,32,21,4,59,37,4,2,0.53, ,8.2,4,0.6,5.13,62.56,3.2,0.02,6.5,5.7,0.07,0.01,8.8,21.4,5.4, ,1.86,18.6,327,8.3,22, ,202,54,919,767,592,967,1050,847, ,809, ,971, ,1010, ,5398,7138,0.01,0.1,0.19,0.05,0.04,0.004,0.31,0.4,0.068,230, ,2.44,4.37,3.44,6.89,13.5,1.46,5.19, , ,26.6, ,5.88,1.14, 
140,291,lubelskie,Parczew,Powiat parczewski,"51° 37' 19""","22° 55' 58""",51.621944,22.932778,45,24,31,5,55,40,5,2.3,0.37, ,13.9,12.5,0.39,13.26,95.4,1.23,0.04,7.1,7.1,0.12, ,8.9,13.4,3.9,11.6,0.71,7.1,409,36.7,97, , , , , , , , , , , , , , , , , , ,0.012,0.1,0.14,0.16,0.15,0.004,1.1,1.11,0.034,329, , ,5.63,3.46,10.3,22.7,2.28,7.66, , ,36.1, ,9.46,3.65, 
141,295,lubelskie,Puchaczów,Powiat łęczyński,"51° 19' 57""","23° 3' 56""",51.3325,23.065556,33,34,33,6,42,52,6,2.6,0.65, ,7.4,3.8,0.41,4.86,65.68,0.81,0.14,5.8,5.1,0.1,0.01,7.5,15.5,7.6,3.4, ,2.78,447,12.5,33, ,30, ,127,67,77,91, ,60, ,99,97,57, ,86, ,452,791,0.011,0.09,0.36,0.28,0.19,0.005,1.44,1.55,0.049,144, , ,6.12,4.11,10.1,14.8,2.17,7.25, , ,32.2, ,10.13,1.35, 
142,297,lubelskie,Rejowiec,Powiat chełmski,"51° 5' 45""","23° 19' 34""",51.095833,23.326111,60,23,17,4,73,23,4, ,0.33, ,49.9,34.6,0.11,35.04,70.22,0.69,0.95,8.3,8.1,0.07, ,41.8,1.7,1.9,2.1, ,5,75,9.1,24, , , , , , , , , , , , , , , , , , ,0.07,0.05,0.05,0.06,0.08,0.003,0.44,0.42,0.03,125, , ,2.76, ,4.94,9.25, ,2.91, , ,19.2,15.5,3.55, , 
143,299,lubelskie,Kamień,Powiat chełmski,"51° 7' 9""","23° 31' 60""",51.119167,23.533333,41,28,31,10,52,38,10,0.9,0.92, ,50.3,44.8,1.07,46.79,93.02,2.95,57.4,8,7.6,0.11, ,2.4,25.4,6.3, ,1.71,21.38,285,14.8,39, , , ,47,31, ,27,36,31, ,39, ,26, ,45, ,172,246,0.205,0.08,19.03,0.17,0.23,0.014,0.88,0.72,0.106,279,0.82,6.18,14.9,9.14,15.8,67.5,2.73,19.1, , ,53.6,471,8.42,2.87, 
144,301,dolnośląskie,Mysłakowice,Powiat karkonoski,"50° 50' 20""","15° 47' 32""",50.838889,15.792222,65,22,13,4,79,17,4,7.5,2.1,0.1,20.7,7.2,0.58,9.98,48.21,3.85,0.07,5.7,4.8,0.39, ,10,26.3,20.7,7,2.23,3.72,1325,19.7,52, ,50, ,174,92,85,106, ,73, ,145,103,83, ,102, ,580,1013,0.038,0.6,1.94,0.77,0.61,0.008,1.92,2.34,0.06,278, ,11.8,14.5,8.45,42.7,58,4.59,24.4,17.1, ,60.6,12.5,21.9,13.1,0.118
145,303,dolnośląskie,Lubawka,Powiat kamiennogórski,"50° 42' 37""","16° 0' 39""",50.710278,16.010833,60,25,15,4,73,23,4,2.1,2.43, ,21.9,8.9,1.57,12.9,58.9,5.28,0.16,7.6,7,0.37,0.01,35.7,76.5,22.6,1.8,3.06,18,1407,10.6,28, ,94,31,346,158,161,173, ,105, ,286,156,125, ,147, ,1068,1782,0.026,0.17,0.14,0.1,0.09,0.004,0.41,0.5,0.037,457, ,14.9,17.5,12.2,28.5,76.4,6.43,26.7,11.5, ,96.4,17.6,21.09,7.83,0.182
146,305,dolnośląskie,Stare Bogaczowice,Powiat wałbrzyski,"50° 50' 15""","16° 11' 14""",50.8375,16.187222,61,24,15,4,75,21,4,6.5,0.75, ,11.9,3.2,0.52,4.47,37.56,1.89,0.05,5,4.2,1.82,0.05,5.6,23.1,7.9,3.3,1.09,6.81,504,17.8,47, , , ,49,29, ,27, , , ,41,28, , , , ,105,174,0.016,0.16,0.02,0.03,0.02,0.002,0.3,0.26,0.054,760, ,14.2,21.6,14.5,24.7,59.2,8.18,31.1,11.7, ,78.5, ,9.59,13.8, 
147,307,dolnośląskie,Jaworzyna Śląska,Powiat świdnicki,"50° 56' 28""","16° 27' 6""",50.941111,16.451667,27,48,25,8,36,56,8,1.7,1.3, ,13.1,8.5,0.76,10.56,80.61,2.52,0.06,6.6,5.9,0.09, ,14.1,35.4,12.4,4.1,1.46,13.27,815,12.1,32, , , ,45,27, ,27, , , ,38,29, , ,28, ,99,194,0.016,0.11,0.07,0.08,0.08,0.003,0.35,0.45,0.042,281, ,13.9,18.3,14.9,16.9,42,6.79,24.3, , ,59.4,15.1,17.8,5.93, 
148,311,dolnośląskie,Ziębice,Powiat ząbkowicki,"50° 34' 31""","17° 3' 31""",50.575278,17.058611,45,28,27,6,55,39,6,1.7,1, ,12.3,5.7,1.01,7.71,62.68,2.72,0.04,6.9,6.5,0.05, ,23.9,42.8,10.7,7.1,1.58,14.36,494,12.9,34, ,29, ,70,37,31,40, ,40, ,57,39,35, ,67, ,247,445,0.015,0.11,2.66,0.04,0.03,0.002,0.17,0.17,0.053,251, ,4.29,11.5,9.99,11.5,25.1,4.09,14.4, , ,37.1, ,15.54,4.53, 
149,313,dolnośląskie,Domaniów,Powiat oławski,"50° 56' 39""","17° 11' 35""",50.944167,17.193056,44,31,25,7,55,38,7,4.2,1.1, ,19,10.4,0.58,12.08,63.58,4.04,0.03,6.2,5.3,0.11,0.01,24.1,17.7,10,3.7,2.34,12.32,538,7.6,20, , , , , , , , , , , , , , , , , , ,0.026,0.19,0.18,0.17,0.14,0.018,1.12,1.21,0.084,446, ,11.6,13.5,10.9,16.2,47,4.71,16.5, , ,91.5,14.4,14.65,4.9, 
150,315,opolskie,Lewin Brzeski,Powiat brzeski,"50° 47' 60""","17° 32' 57""",50.8,17.549167,15,38,47,8,20,72,8,2,1.25, ,15.6,8,0.7,9.95,63.78,1.44,0.04,7,6.4,0.09, ,32.9,22.2,15.7,3.6,0.83,6.38,595,7.6,20, , , ,50,29,25,43,40,30, ,40, ,29, ,44, ,217,290,0.026,0.13,0.21,0.31,0.21,0.006,1.32,1.59,0.054,614, ,11.5,15.7,12.1,25.3,80.3,5.87,19.4, , ,75.3, ,19.16,7.4, 
151,317,opolskie,Głuchołazy,Powiat nyski,"50° 17' 33""","17° 28' 17""",50.2925,17.471389,30,28,42,10,38,52,10,3,1.37, ,15,8.6,0.37,10.34,68.93,2.67,0.49,6.5,5.5,0.1, ,4.8,11.7,12.8,2,1.55,10.33,555, , , ,42, ,157,90,106,117, ,85, ,117,145,75, ,123, ,597,1057,0.017,0.15,0.1,0.07,0.06,0.003,0.44,0.49,0.051,556, ,12.1,23.7,16.9,24.7,58.3,8.76,32.1,15, ,80,13.9,19.83,12.8, 
152,319,opolskie,Głubczyce,Powiat głubczycki,"50° 12' 32""","17° 47' 9""",50.208889,17.785833,23,26,51,8,30,62,8,1.4,1.37, ,21.4,8.5,1.63,11.5,53.74,3.34,0.06,7.3,6.9,0.09, ,36,61.7,14.1, ,1.94,9.7,760,3.8,10,33,144, ,188,70,55,52,53,33, ,140, ,49, ,42, ,628,773,0.017,0.2,0.1,0.08,0.08,0.003,0.45,0.54,0.06,588, ,12.7,22,16.3,22.7,69.4,7.88,28.3, , ,90.7,20.7,20,9.03, 
153,321,opolskie,Olesno,Powiat oleski,"50° 51' 20""","18° 27' 14""",50.855556,18.453889,45,32,23,4,55,41,4,1.7,0.6, ,8.5,4.9,0.56,6.06,71.29,2.49,0.03,6.9,6.5,0.11,0.01,13.6,19.9,5.4,6.6,1.45,16.11,402,12.5,33, , , ,57,28, ,27,32,29, ,45, ,25, ,49, ,173,260,0.013,0.09,0.19,0.15,0.15,0.004,0.99,1.01,0.046,945, ,2.11,8.16,5.77,15.2,43.9,3.28,13.1, , ,57.6, ,10.52,3.51, 
154,323,opolskie,Bierawa,Powiat kędzierzyńsko-kozielski,"50° 16' 56""","18° 16' 10""",50.282222,18.269444,66,21,13,2,81,17,2,1.7,0.2, ,6.7,3.5,0.07,3.77,56.27,1.5,0.03,6.6,5.8,0.09, ,18.2,4,2.9,2.1,0.87,10.88,209,4.2,11, ,67, ,251,169,167,237,227,153, ,201, ,184, ,229, ,1271,1658,0.02,0.08,0.57,0.53,0.26,0.008,1.51,2.34,0.063,155, ,5.66,4.4,2.93,13.8,45,1.38,5.17, , ,47.4, ,3.98,3.79, 
155,325,śląskie,Lyski,Powiat rybnicki,"50° 7' 1""","18° 17' 58""",50.116944,18.299444,46,27,27,6,57,37,6,3,0.52, ,7.2,3.7,0.23,4.45,61.81,1.5,0.05,6.1,5,0.16,0.11,11.2,6.7,5,4.9,0.86,8.6,365,5.7,15, , , ,47,28, ,25, , , ,37,31, , ,46, ,100,214,0.011,0.1,0.38,0.23,0.21,0.004,1.26,1.31,0.043,496, ,4.62,8.28,6.02,27.2,42.7,4.54,12.5, , ,64.2, ,9.85,4.38, 
156,327,śląskie,Nędza,Powiat raciborski,"50° 9' 34""","18° 22' 22""",50.159444,18.372778,41,42,17,2,52,46,2,4.2,0.33, ,7.7,1.9,0.09,2.32,30.13,3.36,0.03,5.4,4.4,0.72,0.07,3,3.1,4.2,2.2,1.95,12.19,299,7.2,19,53,39, ,68,40,28,33,39,27, ,54, ,33, ,33, ,327,355,0.011,0.16,0.21,0.03,0.04,0.003,0.21,0.21,0.047,475, ,5.98,6.78,4.2,31.6,67.4,2.41,10.3, , ,52.4, ,5.95,7.61, 
157,329,śląskie,Gaszowice,Powiat rybnicki,"50° 5' 12""","18° 25' 6""",50.086667,18.418333,56,27,17,4,69,27,4,3.3,0.72, ,11.3,4,0.91,5.63,49.82,1.53,0.09,6,5.1,0.14,0.01,9.4,44.1,8.4,1.6,0.89,5.56,744,9.85,26, ,192,44,332,143,130,109,110,63, ,254, ,100, ,84, ,1123,1451,0.013,0.16,0.34,0.18,0.14,0.007,0.9,0.92,0.099,377, ,7.95,14.2,10.4,20.2,53.1,5.3,18.5,10.5, ,76.6,42.9,12.29,3.93, 
158,331,śląskie,Orzesze,Powiat mikołowski,"50° 7' 25""","18° 48' 35""",50.123611,18.809722,52,29,19,6,65,29,6,3.1,0.78, ,10.9,4.4,0.49,5.67,52.02,1.73,1.45,6.3,5.5,0.1, ,13.2,16.8,9.4,1.8,1.01,8.42,256,9.1,24, ,128,28,390,209,253,284, ,171, ,298,298,175, ,254, ,1463,2488,0.016,0.12,1.01,0.23,0.22,0.006,0.78,1.08,0.069,304,0.96,4.81,10.9,5.49,38.6,93.9,2.43,16.8, , ,75.7,12.8,8.76,5.93, 
159,333,śląskie,Mikołów,Powiat mikołowski,"50° 11' 2""","18° 52' 4""",50.183889,18.867778,51,29,20,7,63,30,7,1.1,0.47, ,18.7,12,0.33,12.8,68.45,3.05,0.06,7.5,7.1,0.07, ,10.8,8.4,4.1,3.3,1.77,11.06,564,10.2,27, ,63, ,124,60,43,45,56,41, ,93, ,44, ,62, ,432,575,0.026,0.16,0.96,0.26,0.27,0.009,1.33,1.87,0.158,449,1.97,6.13,13.2,8.85,49.7,147,4.92,19.3,10.4, ,77.7,14.6,11.81,5.6, 
160,335,śląskie,M. Piekary Śląskie,Powiat m. Piekary Śląskie,"50° 23' 39""","18° 55' 34""",50.394167,18.926111,32,26,42,13,40,47,13,1.4,1.53, ,50.6,28.3,0.77,30.6,60.47,1.86,0.83,7.6,7.2,0.11, ,18,18.2,16.1,2,1.08,7.71,643,10.2,27, ,45, ,104,42,33,43, ,66, ,83,58,33, ,85, ,333,592,0.061,0.14,0.22,0.15,0.16,0.005,0.63,0.84,0.048,763,59.4,19.6,21.3,24.4,411,4610,6.62,35.2,16.8, ,144,26.1,15.16,28.2,0.125
161,337,śląskie,Mykanów,Powiat częstochowski,"50° 55' 42""","19° 11' 35""",50.928333,19.193056,26,26,48,12,33,55,12,1.4,0.89, ,14.9,7.4,0.17,8.46,56.78,2.83,0.02,6.9,6.2,0.07,0.01,12,7.2,10.7,2.5,1.64,16.4,339,15.2,40, ,36, ,93,48,48,65,55,37, ,73, ,44, ,56, ,382,500,0.017,0.1,0.03,0.02,0.02,0.002,0.15,0.19,0.025,379, ,5.14,10.3,8.05,15.9,41.6,3.56,12.2, , ,44.3, ,11.81,3.11, 
162,339,śląskie,Rędziny,Powiat częstochowski,"50° 53' 8""","19° 15' 19""",50.885556,19.255278,53,28,19,2,65,33,2,1.4,0.43, ,13,6.4,0.39,7.22,55.54,3.11,0.03,7.2,6.8,0.09, ,19.4,14.6,4.4, ,1.81,18.1,407,3.4, , , , ,47,26, , , , , ,38, , , , , ,73,111,0.014,0.1,0.17,0.05,0.04,0.003,0.47,0.3,0.105,475, ,4.17,10.6,6.57,20.1,44,3.48,13.2, , ,53.3, ,8.16,3.59, 
163,341,śląskie,Myszków,Powiat myszkowski,"50° 33' 51""","19° 17' 56""",50.564167,19.298889,61,26,13,4,73,23,4,2.6,1.3, ,42.2,5.6,0.23,7.13,16.9,2.64,0.03,7.2,6.5,0.1,0.07,12.4,4.5,13.5,3.8,1.53,9.56,510,7.2,19, , , , , , , , , , , , , , , , , , ,0.009,0.16,0.15,0.21,0.14,0.01,0.58,0.91,0.06,435,2.04,3.55,10.2,13.5,65.5,147,3.02,23.3, , ,32.3,16.5,10.3,4.47, 
164,343,śląskie,Siewierz,Powiat będziński,"50° 27' 39""","19° 13' 7""",50.460833,19.218611,56,21,23,9,69,22,9,0.9,3.47, ,50.3,4.7,0.16,8.33,16.56,1.88,0.77,7.6,7.1,0.07,0.02, ,2.8,19.8,2.2,1.09,36.33,238, ,10, , , , , , , , , , , , , , , , , , ,0.054,0.03,0.09,0.24,0.12,0.006,1.3,2.05,0.064,496,9.48,4.24,8.74,6.32,2100,281,2.34,14.9, , ,29.1,14,7.91,5.09, 
165,345,śląskie,Zawiercie,Powiat zawierciański,"50° 29' 37""","19° 30' 11""",50.493611,19.503056,66,20,14,4,80,16,4,1.4,0.57, ,16.6,8.9,0.96,10.43,62.83,2.4,0.04,7.5,6.9,0.11, ,15.8,39.3,5.1, ,1.39,8.18,288,5.7,15, ,61, ,160,85,69,76,82,55, ,128, ,71, ,70, ,588,775,0.017,0.17,0.16,0.16,0.13,0.004,0.57,0.88,0.047,475,2.45,10.6,14.7,17.1,56.6,195,5.87,18.1, , ,53.9, ,8.56,5.77,0.109
166,347,małopolskie,Oświęcim,Powiat oświęcimski,"50° 2' 50""","19° 13' 52""",50.047222,19.231111,27,44,29,4,36,60,4,2,1.28, ,17,8.4,0.64,10.32,60.71,3.54,0.1,6.8,6.3,0.09, ,21.4,26.5,12.4,2.9,2.05,12.06,518,3.8,10, ,340,97,1150,662,640,638,630,374, ,980, ,558, ,484, ,4531,5923,0.017,0.17,0.32,0.81,0.23,0.007,2.45,3.5,0.063,421,0.72,19.4,21.1,23.2,30.1,130,7.52,24.6,13.9, ,115,25.5,11.34,6,0.15
167,349,małopolskie,Alwernia,Powiat chrzanowski,"50° 4' 55""","19° 33' 37""",50.081944,19.560278,21,39,40,12,28,60,12,3.5,1.5, ,13.5,7.4,0.34,9.24,68.44,2.67,0.05,6.3,5.5,0.18, ,6.9,8.8,13.7,6.6,1.55,14.09,560,7.2,19, , , ,32, , , , , , ,25, , , ,38, ,32,95,0.017,0.11,0.18,0.05,0.04,0.003,0.27,0.4,0.046,370,1.4,6.5,20.4,12.9,32.5,105,5.87,25.3,11.1, ,64.9,12.8,21.7,5.93, 
168,351,małopolskie,Wielka Wieś,Powiat krakowski,"50° 11' 36""","19° 48' 1""",50.193333,19.800278,40,37,23,3,50,47,3,1.2,1, ,25.4,10.3,0.47,11.77,46.34,6.22,0.05,7.3,6.9,0.07, ,14.2,14.6,8.7, ,3.61,25.79,619,7.6,20, , , ,36, , , , , , ,28, , , , , ,36,64,0.018,0.14,0.32,0.26,0.2,0.008,1.18,1.68,0.079,714,1.16,10.4,16.9,12.8,48.7,112,6.46,22.1, , ,72.4,12,15.93,5.99, 
169,353,małopolskie,M. Kraków,Powiat m. Kraków,"50° 04' 09""","20° 6' 13""",50.069167,20.103611,17,50,33,4,24,72,4,1.1,1.3, ,32.5,18.1,0.2,19.6,60.31,1.2,0.43,7.7,7.3,0.09,0.01,39.4,7.4,11.2, ,0.7,4.12,668,11,29, , , ,49,30, ,28, , , ,41,29, , ,28, ,107,205,0.021,0.17,0.22,0.2,0.13,0.004,0.65,1.01,0.05,515,0.75,13.7,16.2,12.4,29.8,90.8,5.06,19.7, , ,88,17.3,17.32,4.54,0.105
170,355,małopolskie,Koniusza,Powiat proszowicki,"50° 10' 25""","20° 13' 17""",50.173611,20.221389,5,36,59,11,9,80,11,1.5,0.88, ,16.6,10.4,0.45,11.73,70.66,2.05,0.03,7.1,6.6,0.07,0.36,23.9,14.7,7.8, ,1.19,9.15,696,9.8,26, , , , , , , , , , , , , , ,27, , ,27,0.02,0.13,0.3,0.09,0.15,0.002,0.9,1.05,0.054,373, ,6.62,19.1,16.3,13.5,39.8,6.12,24,11.6, ,60.4,25,23.02,5.62, 
171,357,świętokrzyskie,Wodzisław,Powiat jędrzejowski,"50° 30' 10""","20° 8' 11""",50.502778,20.136389,65,22,13,2,79,19,2,2.3,0.63, ,9.5,6.4,0.2,7.23,76.11,3.83,0.02,6.5,5.8,0.07,0.02,12.7,7.2,5.7,4.9,2.22,22.2,684,10.6,28, , , ,48,29, ,33, , , ,33,27,25, , , ,110,195,0.012,0.1,0.1,0.15,0.09,0.004,0.71,0.31,0.08,416, ,11.4,10.2,10.2,32.2,75.8,2.14,11.7, , ,87.7, ,18.4,4.48, 
172,359,świętokrzyskie,Morawica,Powiat kielecki,"50° 48' 54""","20° 39' 10""",50.815,20.652778,47,36,17,4,59,37,4,1.2,2.03, ,11.8,5.2,0.17,7.4,62.71,3.19,0.02,7.1,6.6,0.07, ,1.7,5.6,19.7, ,1.85,15.42,438,3.8,10,31, , ,32, , , ,28, , ,26, , , ,27, ,91,85,0.014,0.12,1.55,0.76,0.27,0.012,2.32,3.57,0.047,588,0.64,5.59,9.67,7.77,36.5,65,4.13,13.6, , ,64.9, ,7.64,5.61, 
173,361,świętokrzyskie,Masłów,Powiat kielecki,"50° 53' 34""","20° 43' 6""",50.892778,20.718333,50,26,24,4,61,35,4,3.6,0.3, ,6.8,1.3,0.19,1.79,26.32,3.24, ,5.5,4.5,0.88,0.1,6,5.7,3,2.3,1.88,20.89,333,3.8,10, , , , , , , , , , , , , , , , , , ,0.008,0.09,0.19,0.11,0.08,0.003,0.67,0.84,0.037,695, ,3.81,8.01,4.39,16.7,27.7,3.97,12, , ,37.6, ,6.66,3.33, 
174,363,małopolskie,Tarnów,Powiat tarnowski,"50° 02' 53""","20° 55' 19""",50.048056,20.921944,20,55,25,10,28,62,10,0.8,3.15, ,24,10.4,0.22,13.77,57.38,2.34,0.09,7.5,6.9,0.07,0.01,6.4,9.6,28.7,2.2,1.36,11.06,690,12.1,32, , , , , , , , , , , , , , , , , , ,0.021,0.123,0.18,0.12,0.16,0.006,0.44,0.66,0.046,539, ,16.2,23.1,30.4,15,62.7,8.21,23.8,16.1, ,62.9,11.8,14.17,5.42, 
175,365,małopolskie,Szczucin,Powiat dąbrowski,"50° 19' 16""","21° 5' 3""",50.321111,21.084167,61,24,15,6,75,19,6,2.6,3.63, ,17,11.9,0.44,15.97,93.94,5.21,0.05,6.7,5.8,0.11, ,7,6.9,16.6,2.4,3.02,30.2,725,4.9,13, , , ,51,33, , ,32,26, ,40, , , ,44, ,142,194,0.023,0.1,0.19,0.13,0.13,0.005,0.71,0.8,0.041,1131,0.52,20.4,36.2,40.8,25.3,90.2,11,37.8,32.5, ,143,24.2,16.84,7.94, 
176,367,świętokrzyskie,Tuczępy,Powiat buski,"50° 31' 34""","21° 3' 23""",50.526111,21.056389,51,28,21,4,63,33,4,4.3,0.24, ,6.2,1,0.38,1.62,26.13,1.41,0.02,5,4.2,1.53,0.19,5.6,10.9,2.7, ,0.82,9.11,354,3.8,10, , , ,37, , , , , , ,27, , , , , ,37,64,0.008,0.09,0.25,0.09,0.1,0.004,0.6,0.72,0.045,294, ,8.61,9.51,6.36,104,30.6,3.87,12.3, , ,41.8, ,7.55,3.43,0.115
177,369,świętokrzyskie,Rytwiany,Powiat staszowski,"50° 29' 10""","21° 16' 0""",50.486111,21.266667,65,21,14,4,79,17,4,1.1,1, ,45.3,23.6,0.25,24.85,54.86,0.78,0.2,7.7,7.6,0.09, ,10,6.1,9.7,1.2, ,4.17,115,8.3,22, , , , , , , , , , , , , , , , , , ,0.005,0.06,0.13,0.11,0.12,0.004,0.57,0.74,0.048,224, , ,3.41,2.74,5.85,11.2,1.72,3.82, , ,14.4, ,3.72,1.14, 
178,371,świętokrzyskie,Połaniec,Powiat staszowski,"50° 27' 44""","21° 18' 51""",50.462222,21.314167,61,24,15,5,75,20,5,4.2,4.17, ,26.6,16,0.32,20.49,77.03,4.53,0.5,6.4,5.6,0.1, ,1.9,6.4,28.7,5.8,2.63,9.07,408,6.4,17, , , ,36, ,31, , , , ,27, , , ,26, ,67,120,0.033,0.29,0.28,0.25,0.22,0.005,1.24,1.55,0.055,684, ,13.6,17.4,17.7,21,56.6,6.53,21.4,13.6, ,94.2,71.1,10.68,5.4, 
179,373,świętokrzyskie,Ćmielów,Powiat ostrowiecki,"50° 53' 15""","21° 30' 5""",50.8875,21.501389,31,44,25,9,40,51,9,3.8,0.63, ,10,5.1,0.15,5.88,58.8,2.68,0.02,5.5,4.6,0.37,0.03,5.3,8,6.6,3.1,1.56,10.4,522,8,21, , , ,68,38,35,47,41,26, ,54, ,38, ,34, ,255,340,0.012,0.15,0.08,0.03,0.02,0.001,0.31,0.45,0.035,306, ,6.84,13.3,9.32,54.4,33.3,3.92,16.6, , ,57.1,10.3,10.06,3.47, 
180,375,świętokrzyskie,Dwikozy,Powiat sandomierski,"50° 46' 30""","21° 48' 96""",50.775,21.826667,39,36,25,11,49,40,11,0.8,3.48,0.16,50,26.4,0.19,30.23,60.46,3.35,0.22,8,7.5,0.11, ,2.7,4.3,24,1.1,1.95,9.75,685,6.8,18,29, , ,32, , , , , , , , , , , , ,61,32,0.032,0.2,0.49,0.18,0.18,0.005,1.01,1.24,0.087,1320, ,27.4,45.6,53.2,21.8,88.1,14.6,48.6,27.6, ,152,56,14.84,11.4, 
181,377,podkarpackie,Tuszów Narodowy,Powiat mielecki,"50° 23' 57""","21° 30' 25""",50.399167,21.506944,38,33,29,10,48,42,10,3,2.2, ,22.6,15.6,0.21,18.01,79.69,1.51,0.04,6.6,5.4,0.11, ,11.9,9.9,19.5,3.5,0.88,5.5,443,3.8,10, , , ,35, , ,30,25, , ,26, , , , , ,90,91,0.019,0.16,0.16,0.11,0.11,0.003,0.63,0.88,0.035,525, ,11.3,22.5,12.3,20.3,49.8,4.57,30.2,15.2, ,120,17.5,12.99,6.18, 
182,379,podkarpackie,Dębica,Powiat dębicki,"50° 08' 02""","21° 29' 22""",50.133889,21.489444,55,22,23,4,67,29,4,5.7,0.07, ,5.9, ,0.09,0.16,2.71,2.66,0.02,4.5,3.9,13.9,0.31,14.9,6.3,1.1,1.2,1.54,11.85,273,6.8,18, , , ,53,36,26,48,47,32, ,43, ,37, ,38, ,242,313,0.008,0.13,0.09,0.07,0.07,0.004,0.34,0.39,0.039,193, ,3.17,4.55,4.34,9.18,13.3,1.52,6, , ,18.3, ,5.24,1.88, 
183,381,podkarpackie,Sędziszów Małopolski,Powiat ropczycko-sędziszowski,"50° 03' 56""","21° 40' 24""",50.065556,21.673333,26,36,38,5,34,61,5,1.4,0.78, ,14.6,7.7,0.76,9.24,63.29,2.84,0.03,7.1,6.7,0.09,0.26,38.1,31.3,7.8,5.4,1.65,11,561,13.3,35, , , ,35, , , , , , ,28, , , ,37, ,35,100,0.024,0.15,0.34,0.17,0.11,0.005,1.44,1.83,0.078,523, ,7.86,12.9,10.9,13.7,53.4,5.21,16.4, , ,46.6,16.6,18.09,3.98, 
184,383,podkarpackie,Kolbuszowa,Powiat kolbuszowski,"50° 12' 29""","21° 48' 46""",50.208056,21.812778,53,32,15,6,66,28,6,3.2,1.23, ,13.6,7.7,0.14,9.07,66.69,2.4,0.03,5.9,5,0.14,0.01,5.6,5.3,12.6,1,1.39,9.27,317,10.6,28,26, , ,39, , ,27,29, , ,30, , , ,27, ,121,123,0.015,0.15,0.09,0.08,0.07,0.003,0.56,0.7,0.046,215, ,5.75,12.1,6.69,13.3,39.5,2.96,14.8, , ,36.4, ,7.54,3.64, 
185,385,podkarpackie,Nisko,Powiat niżański,"50° 32' 24""","22° 5' 48""",50.54,22.096667,57,24,19,4,70,26,4,4.8,0.15, ,4.8,0.9,0.14,1.19,24.79,3.73,0.09,5.1,4.1,1.79,0.03,7.9,5.4,1.5, ,2.16,15.43,209,4.2,11, , , ,28, , , , , , , , , , , , ,28,28,0.008,0.14,0.1,0.06,0.04,0.003,0.41,0.54,0.036,257, ,3.76,4.26,2.79,13.3,18.6,1.34,5.66, , ,30.5, ,4.09,2.44, 
186,387,podkarpackie,Leżajsk,Powiat leżajski,"50° 12' 3""","22° 30' 29""",50.200833,22.508056,19,45,36,9,26,65,9,2.8,0.59, ,8.7,3.5,0.33,4.42,50.8,6.7,0.13,6.6,5.8,0.09, ,11.2,10.7,2.9,2.4,3.89,25.93,538,8.7,23, , , , , , , , , , , , , , , , , , ,0.011,0.15,0.24,0.11,0.07,0.003,0.55,0.52,0.064,750, ,8.29,10.9,11.2,12.9,34.2,5.77,13.3, , ,57.6,11.1,14.54,2.99, 
187,389,podkarpackie,Wiązownica,Powiat jarosławski,"50° 4' 55""","22° 52' 51""",50.081944,22.880833,17,39,44,6,23,71,6,1.4,1, ,11.2,6.3,0.6,7.9,70.54,2.2,0.03,7.4,6.8,0.07,0.01,16.9,23.6,8.4,6.1,1.28,10.67,594,7.2,19, , , , , , , , , , , , , , , , , , ,0.015,0.12,0.3,0.1,0.07,0.006,0.57,0.64,0.067,861, ,10.6,11.1,10.3,13.9,31.5,5.1,13.2, , ,48.4,13.7,17.45,2.6, 
188,393,lubelskie,Urzędów,Powiat kraśnicki,"50° 58' 46""","22° 14' 55""",50.979444,22.248611,8,49,43,10,13,77,10,1.7,0.82, ,13.9,8.4,0.32,9.54,68.63,2.7,0.02,7.1,6.3,0.07, ,8.9,17.2,8.1,2.2,1.57,13.08,661,4.9,13, , , , , , , , , , , , , , , , , , ,0.015,0.12,0.09,0.17,0.11,0.004,1.23,1.58,0.055,329, ,5.75,13.3,10,9.39,23.9,4.91,17.2, , ,51.2,24.9,17.2,3.34, 
189,395,lubelskie,Szczebrzeszyn,Powiat zamojski,"50° 43' 29""","23° 5' 10""",50.724722,23.086111,20,34,46,13,27,60,13,0.9,0.6, ,18.1,12.1,0.34,13.04,72.04,2.37,0.03,7.8,7.3,0.07, ,12.2,8.3,4.9,3.6,1.37,13.7,621,11.7,31, , , , , , , , , , , , , , , , , , ,0.016,0.1,0.04,0.07,0.07,0.003,0.38,0.49,0.035,398, ,3.72,15.3,11.4,9.41,24.8,5.17,19.2, , ,57.3,12,20.3,3.38, 
190,397,lubelskie,Zamość,Powiat zamojski,"50° 42' 19""","23° 17' 55""",50.705278,23.298611,23,34,43,5,30,65,5,2.9,0.48, ,13.5,6.9,0.35,7.73,57.26,6.94,0.05,6.7,6.4,0.12, ,14,19.5,6.1,3.1,4.03,25.19,612,8.7,23, , , , , , , , , , , , , , , , , , ,0.014,0.16,0.18,0.15,0.11,0.004,0.62,0.91,0.047,504, ,5.59,11.4,8.92,12.2,24.7,4.33,14.1, , ,50,14.2,17.7,2.61,0.171
191,399,lubelskie,Werbkowice,Powiat hrubieszowski,"50° 45' 5""","23° 47' 27""",50.751389,23.790833,21,44,35,10,28,62,10, ,0.4, ,16.1,9.3,0.38,10.08,62.61,6.55,0.04,7.4,7.2,0.14,0.01,28.2,11.5,3.7, ,3.8,38,655,6.4,17,31, , ,49,34,29,29,31, , ,39, ,28, ,26, ,203,234,0.012,0.1,0.02,0.03,0.02,0.001,0.3,0.29,0.036,560, ,6.73,14.2,10.1,15,29.8,5.06,17.5, , ,57.7,11.4,17.63,3.32, 
192,401,lubelskie,Horodło,Powiat hrubieszowski,"50° 50' 39""","24° 5' 7""",50.844167,24.085278,20,51,29,6,28,66,6,2.6,0.65, ,12.8,5.6,0.67,6.92,54.06,1.71,0.68,6.9,5.7,0.1, ,19.5,24.4,4.1,4.7,0.99,9,577,8.3,22, , , ,37, ,28,27, , , ,29,35, , ,26, ,92,182,0.017,0.11,0.14,0.17,0.14,0.004,0.91,1.06,0.023,309, ,2.8,10.3,7.55,8.11,18.6,3.48,12, , ,41.9, ,16.35,2.1, 
193,403,lubelskie,Ulhówek,Powiat tomaszowski,"50° 26' 41""","23° 46' 57""",50.444722,23.7825,16,44,40,14,22,64,14,1.2,1.18, ,20.2,14.7,0.49,16.37,81.04,4.17,0.03,7.5,6.8,0.3,0.08,13.5,19.2,10.7,4,2.42,15.13,674,12.5,33, , , , , , , , , , , , , , , , , , ,0.016,0.16,0.01,0.05,0.03,0.001,0.42,0.38,0.048,319, ,10.1,18.7,15.1,10.5,29.3,5.58,23.3, , ,61.4,18.6,21.58,4.38, 
194,405,śląskie,Mszana,Powiat wodzisławski,"49° 58' 55""","18° 34' 8""",49.981944,18.568889,14,24,62,12,18,70,12,0.9,3.93,0.16,16.1,7.9,0.29,12.28,76.27,2.05,0.07,8,7.4,0.07, ,2.2,7,25.6,12.7,1.19,29.75,602,11.4,30, , , , , , , , , , , , , , , , , , ,0.013,0.04,0.25,0.15,0.14,0.004,0.95,0.98,0.038,411, ,8.73,20.2,16.8,19.9,70.5,8.3,25,11.3, ,56.2,13.8,19.07,4.98, 
195,407,śląskie,Cieszyn,Powiat cieszyński,"49° 45' 11""","18° 39' 57""",49.753056,18.665833,47,34,19,5,59,36,5,2.3,1.75, ,19.1,15.2,0.52,17.47,91.47,6.36,0.04,7,6.4,0.09, ,21.8,7.4,14.4,3,3.69,20.5,718,7.2,19, ,26, ,68,34,25, ,34, , ,51, , , ,40, ,187,244,0.023,0.18,0.13,0.12,0.13,0.003,0.95,0.95,0.037,611,0.65,12.3,21.6,14.3,30.5,79.7,8.21,29,14.2, ,61.6,19.1,20.43,7.98, 
196,409,śląskie,Pszczyna,Powiat pszczyński,"49° 57' 21""","18° 58' 0""",49.955833,18.966667,32,26,42,7,41,52,7,2.4,1.18,0.46,17,12,0.62,14.26,83.88,3.43,0.06,7.3,7,0.14, ,23.9,20.3,10.7,9.3,1.99,14.21,670,15.5,41, ,27, ,107,65,52,69,72,77, ,90, ,62, ,113, ,469,662,0.021,0.14,0.15,0.12,0.11,0.005,0.74,0.87,0.042,322,0.7,10.7,16.5,8.77,29.7,70.3,4.01,22.6,10.5, ,46.1,10.8,17.04,5.36, 
197,411,śląskie,M. Bielsko-Biała,Powiat m. Bielsko-Biała,"49° 48' 38""","19° 0' 19""",49.810005,19.004199,33,25,42,15,42,43,15,3.2,2.27, ,13.6,6.3,0.3,8.87,65.22,2.53,0.2,6.1,5,0.1,0.01, ,9.5,15.8,2.9,1.47,49,680, , , , , ,44,27,41,39, ,34, ,34, , , ,41, ,185,260,0.012,0.03,0.12,0.11,0.12,0.005,0.52,0.73,0.046,304, ,9.09,22.2,17.7,13.8,43.6,8.31,28.8,20.5, ,85.2,12,17.69,5.03, 
198,413,śląskie,Węgierska Górka,Powiat żywiecki,"49° 37' 15""","19° 9' 1""",49.620833,19.150278,54,29,17,4,67,29,4,4.7,1.05, ,21.3,12.6,0.39,14.04,65.92,6.84,0.06,6.4,4.9,0.16,0.01,1.9,13.6,9.4,1.4,3.97,17.26,477,6.8,18, ,48, ,146,89,73,77,94,51, ,116, ,73, ,69, ,578,742,0.016,0.23,0.17,0.5,0.22,0.006,1.53,2.51,0.075,1140,0.91,23.7,38.9,42,44,123,12.5,41.6,22.7, ,142,17.5,8.75,8.04, 
199,415,śląskie,Żywiec,Powiat żywiecki,"49° 40' 26""","19° 11' 24""",49.673889,19.19,62,25,13,4,75,21,4,5.7,1.18, ,16.1,7.2,0.51,8.89,55.22,4.67,0.14,5.7,4.7,0.33, ,10.6,19.3,12.9, ,2.71,15.94,554,6.8,18, ,57, ,166,110,81,87, ,78, ,127,125,81, ,127, ,579,1039,0.024,0.17,2.52,0.86,0.95,0.009,2.67,3.64,0.063,471,0.64,15.4,22.4,22.8,30.5,94.6,7.79,25.1,28.9, ,107,13.8,12.5,6.37,0.1
200,417,małopolskie,Wadowice,Powiat wadowicki,"49° 53' 11""","19° 28' 25""",49.886389,19.473611,46,33,21,5,57,38,5,2.1,1.65, ,27.3,24.4,0.3,26.35,96.52,3.62,0.11,7.2,7,0.12, ,9.1,7.8,16.9,3.3,2.1,16.15,633,9.5,25, ,125,27,350,174,146,147,171,128, ,277, ,133,42,178, ,1268,1727,0.009,0.13,0.27,0.18,0.13,0.004,1.5,2.2,0.046,387,0.85,11.1,17.1,11.5,39.5,91.5,5.35,25.4,13.1, ,70,17.4,17.78,6.6,0.14
201,419,małopolskie,Jabłonka,Powiat nowotarski,"49° 27' 47""","19° 42' 54""",49.463056,19.715,52,28,20,6,65,29,6,7.5,0.93, ,12.7,3.7,0.58,5.21,41.02,2,0.03,5.2,4.3,1.45, ,5.2,15,11.3,3.8,1.16,5.27,460,10.2,27, , , , , , , , , , , , , , , , , , ,0.022,0.22,0.07,0.12,0.08,0.003,0.6,0.65,0.042,462, ,7.85,17.8,9.38,20.7,38.7,7.3,26.8,11.5, ,47, ,17.17,6.79, 
202,421,małopolskie,Mogilany,Powiat krakowski,"49° 58' 17""","19° 52' 23""",49.971389,19.873056,27,35,38,8,35,57,8,2.4,0.88, ,9.8,4.6,0.47,5.95,60.71,3.09,0.38,6.4,5.7,0.2, ,15.3,18,10,2.1,1.79,19.89,653,5.3,14, ,35, ,87,48,64,52, ,36, ,65,74, , ,47, ,322,508,0.012,0.09,1.37,0.12,0.13,0.006,0.49,0.65,0.055,399,0.59,6.65,12.7,9.99,23.8,68.2,4.75,16.3, , ,51.9, ,17.45,3.77, 
203,423,małopolskie,Pcim,Powiat myślenicki,"49° 45' 3""","19° 58' 47""",49.750833,19.979722,40,37,23,6,51,43,6,5.1,1.08, ,15.3,5.7,0.26,7.04,46.01,3.25,0.03,5.5,4.9,0.77,0.07,6.3,10,11.2,1.7,1.88,11.06,497,4.55,12, , , , , , , , , , , , , , , , , , ,0.013,0.17,0.12,0.18,0.14,0.003,0.77,1.12,0.04,896,0.92,21.3,37.9,45.1,37.6,117,12.1,36.7,22.9, ,106,14.6,9.51,7.98, 
204,425,małopolskie,Bochnia,Powiat bocheński,"49° 57' 31""","20° 21' 32""",49.958611,20.358889,29,41,30,4,38,58,4,1.2,0.83, ,22.2,11.7,0.98,13.51,60.86,9.42,0.08,7.5,7,0.07, ,21,38.4,7.4,1.4,5.46,21,621,5.7,15, ,34, ,164,119,92,134,149,110, ,138, ,123, ,137, ,802,1051,0.025,0.26,1.27,0.14,0.18,0.006,0.76,1.26,0.266,561,0.73,12.8,16.8,14.3,21.1,67.5,6.23,19.8, , ,64.2,20.2,17.07,4.65, 
205,427,małopolskie,Tymbark,Powiat limanowski,"49° 43' 12""","20° 19' 6""",49.72,20.318333,57,24,19,4,69,27,4,3.9,1.92, ,22.1,12.7,0.17,14.79,66.92,8.47,0.04,6.2,5,0.18,0.01,1.3,4.9,17.9, ,4.92,25.89,685,4.55,12, , , ,50,30, ,27,29, , ,41, ,26, , , ,136,174,0.018,0.19,0.12,0.05,0.06,0.003,0.34,0.32,0.034,1020,0.75,31.2,53.7,74.7,43.7,125,20,50.1,35.4, ,110,23.1,7.42,8.49, 
206,429,małopolskie,Czorsztyn,Powiat nowotarski,"49° 24' 40""","20° 21' 13""",49.411111,20.353611,69,16,15,5,83,12,5,2.4,1.38, ,29.8,15.6,0.53,17.51,58.76,3.52,0.06,7,6.5,0.11,0.06,12.4,13.9,17.3,3,2.04,12,672,16.3,43, , , ,29, , , , , , , , , , , , ,29,29,0.032,0.17,0.08,0.05,0.05,0.003,0.23,0.28,0.051,908,0.73,24.5,30.7,46.8,26.8,98.1,13.2,28,30.2, ,171, ,11.37,8.16, 
207,431,małopolskie,M. Nowy Sącz,Powiat m. Nowy Sącz,"49° 34' 50""","20° 40' 34""",49.580556,20.676111,35,38,27,4,44,52,4,3.8,1.15, ,10.8,5.1,0.17,6.42,59.44,1.71,0.07,6,4.9,0.19,0.03,3.8,5.1,15,2.2,0.99,8.25,564,6.8,18, , , ,53,76,38,78,147,52, ,47, ,65, ,75, ,444,484,0.013,0.12,0.18,0.1,0.14,0.003,0.62,0.68,0.044,504, ,8.4,16,15.9,14.5,42.4,6.76,18.1,10.9, ,52.6, ,13.36,4.39, 
208,433,małopolskie,Zakliczyn,Powiat tarnowski,"49° 51' 50""","20° 48' 5""",49.863889,20.801389,35,32,33,8,44,48,8,0.8,0.69, ,49.4,31.9,0.25,32.84,66.48,1.79,0.34,7.9,7.5,0.05, ,3.5,5.7,7.6,3.3,1.04,5.2,608,9.1,24, , , , , , , , , , , , , , , , , , ,0.035,0.2,0.24,0.12,0.13,0.005,0.79,0.79,0.073,603, ,12.1,23.3,31.7,12.8,49.3,8.16,22.4,28.5, ,68.4,28.5,11.65,5.38, 
209,435,małopolskie,Moszczenica,Powiat gorlicki,"49° 44' 58""","21° 5' 27""",49.749444,21.090833,46,33,21,10,57,33,10,2.1,4.23, ,23.3,16.1,0.34,20.67,88.71,3.54,0.04,6.6,5.3,0.11,0.02, ,13.2,30.7, ,2.05,29.29,1067,4.2,11, , , , , , , , , , , , , , , , , , ,0.015,0.07,0.06,0.07,0.07,0.003,0.35,0.46,0.038,622,0.65,27.5,33.4,38.5,27.9,91.7,12.7,39.5,21.6, ,52.1,16,22.54,11.2,0.118
210,437,podkarpackie,Jasło,Powiat jasielski,"49° 43' 53""","21° 24' 51""",49.731389,21.414167,18,48,34,12,25,63,12,3,1.52, ,17.5,8.8,0.25,10.57,60.4,3.82,0.02,5.5,4.6,0.09,0.01,3.4,10,14.2,2.8,2.22,13.06,735,5.3,14, , , , , , , , , , , , , , , , , , ,0.012,0.17,0.4,0.25,0.27,0.005,0.93,1.23,0.084,511, ,12.9,21.7,20.3,14.2,46.6,7.97,25.6,10.2, ,53.5,11.6,21,5.61, 
211,439,podkarpackie,Strzyżów,Powiat strzyżowski,"49° 50' 41""","21° 50' 12""",49.844722,21.836667,59,25,16,4,72,24,4,2.9,1.57, ,14.7,10.7,0.42,12.69,86.33,4.58,0.03,6.6,5.7,0.12, ,5,10.8,12.7,2.9,2.65,24.09,696,6.1,16, , , , , , , , , , , , , , , , , , ,0.022,0.11,0.11,0.07,0.07,0.002,0.37,0.47,0.038,456, ,16,34.2,29.8,13.8,57.2,9.36,32.1,21.8, ,51.1,21.5,19.28,5.15, 
212,441,podkarpackie,Dukla,Powiat krośnieński,"49° 33' 52""","21° 40' 56""",49.564444,21.682222,31,25,44,12,39,49,12,1.5,1.5, ,23.3,13.3,0.57,15.37,65.97,1.76,0.05,7.4,6.8,0.09, ,14.3,25.3,10.8,3.6,1.02,6.38,927,9.1,24, , , ,26, , , , , , , , , , , , ,26,26,0.024,0.16,0.11,0.06,0.06,0.008,0.32,0.41,0.045,747,0.52,24.2,42.1,45.7,27.5,84.2,13.4,38.5,28.4, ,54.8,22.8,17.33,8.22, 
213,443,podkarpackie,Haczów,Powiat brzozowski,"49° 38' 3""","21° 58' 51""",49.634167,21.980833,45,19,36,6,55,39,6,5.1,2.65, ,20.7,10,0.65,13.3,64.25,3.32,0.04,5.9,4.9,0.16,0.01,6.8,32.6,27.8,3.4,1.92,7.68,653,13.3,35, , , ,31, , ,28, , , ,26, , , , , ,59,85,0.022,0.25,2.39,0.38,0.24,0.006,1.38,2.03,0.089,771,0.68,16.9,26.7,27.3,21.4,68.7,8.52,32.5,21.8, ,112,16.2,19.6,9.92, 
214,445,podkarpackie,Kańczuga,Powiat przeworski,"50° 00' 2""","22° 24' 58""",50.000556,22.416111,34,39,27,10,44,46,10,1.5,1.17, ,19.5,14.7,0.31,16.18,82.97,2.67,0.04,7.6,7,0.09, ,18.9,7.3,10.6,3.1,1.55,14.09,614,7.6,20, , , , , , , , , , , , , , ,26, , ,26,0.015,0.11,0.53,0.61,0.26,0.005,1.57,2.31,0.076,429, ,7.75,20.8,17.7,12,35.7,6.59,27.2,12.4, ,63.2,17.3,21.37,5.25, 
215,447,podkarpackie,Chłopice,Powiat jarosławski,"49° 55' 31""","22° 40' 12""",49.925278,22.67,49,28,23,5,60,35,5,5.1,0.58, ,15.5,6.4,0.69,7.67,49.48,5.41,0.02,5.6,4.7,0.25,0.02,7,25.8,5.7,1.7,3.14,19.63,660,6.8,18,27, , ,29, , , , , , , , , , , , ,56,29,0.014,0.16,0.15,0.09,0.08,0.007,0.47,0.53,0.101,555, ,10.3,18.9,16,14.7,35.3,7.2,23.1, , ,67.5,15,14.61,5.04,0.136
216,449,podkarpackie,Krasiczyn,Powiat przemyski,"49° 45' 43""","22° 35' 23""",49.761944,22.589722,61,23,16,4,75,21,4,5.3,1.45, ,18.9,13.1,0.55,15.1,79.89,4.61,0.04,6.1,5,0.18,0.01,21.4,8,12.7,1.2,2.68,12.18,1180,3.4, , , , , , , , , , , , , , , , , , , ,0.02,0.22,0.15,0.05,0.03,0.002,0.54,0.53,0.078,889, ,22.1,22.1,18.6,15.9,46.4,9.04,27.5, , ,76.3,31.4,18.37,4.92, 
